-- phpMyAdmin SQL Dump
-- version 5.2.1
-- https://www.phpmyadmin.net/
--
-- Máy chủ: 127.0.0.1
-- Thời gian đã tạo: Th8 08, 2023 lúc 04:10 PM
-- Phiên bản máy phục vụ: 10.4.22-MariaDB
-- Phiên bản PHP: 8.2.4

SET SQL_MODE = "NO_AUTO_VALUE_ON_ZERO";
START TRANSACTION;
SET time_zone = "+00:00";


/*!40101 SET @OLD_CHARACTER_SET_CLIENT=@@CHARACTER_SET_CLIENT */;
/*!40101 SET @OLD_CHARACTER_SET_RESULTS=@@CHARACTER_SET_RESULTS */;
/*!40101 SET @OLD_COLLATION_CONNECTION=@@COLLATION_CONNECTION */;
/*!40101 SET NAMES utf8mb4 */;

--
-- Cơ sở dữ liệu: `la_news`
--

-- --------------------------------------------------------

--
-- Cấu trúc bảng cho bảng `dienthoai`
--

CREATE TABLE `dienthoai` (
  `id` bigint(20) UNSIGNED NOT NULL,
  `tenDT` varchar(30) COLLATE utf8mb4_unicode_ci NOT NULL,
  `moTa` varchar(1000) COLLATE utf8mb4_unicode_ci DEFAULT NULL,
  `ngayCapNhat` datetime NOT NULL,
  `gia` double(8,2) NOT NULL,
  `giaKM` double(8,2) DEFAULT NULL,
  `urlHinh` double DEFAULT NULL,
  `soLuongTonKho` int(11) NOT NULL DEFAULT 0,
  `hot` tinyint(1) NOT NULL DEFAULT 0,
  `anHien` tinyint(1) NOT NULL DEFAULT 1,
  `created_at` timestamp NULL DEFAULT NULL,
  `updated_at` timestamp NULL DEFAULT NULL,
  `baiViet` text COLLATE utf8mb4_unicode_ci DEFAULT NULL,
  `ghiChu` varchar(500) COLLATE utf8mb4_unicode_ci DEFAULT NULL,
  `idLoai` bigint(20) UNSIGNED NOT NULL
) ENGINE=InnoDB DEFAULT CHARSET=utf8mb4 COLLATE=utf8mb4_unicode_ci;

--
-- Đang đổ dữ liệu cho bảng `dienthoai`
--

INSERT INTO `dienthoai` (`id`, `tenDT`, `moTa`, `ngayCapNhat`, `gia`, `giaKM`, `urlHinh`, `soLuongTonKho`, `hot`, `anHien`, `created_at`, `updated_at`, `baiViet`, `ghiChu`, `idLoai`) VALUES
(1, 'Oppo XA 0', NULL, '2023-07-19 18:27:13', 749533.00, NULL, NULL, 0, 0, 1, NULL, NULL, NULL, NULL, 2),
(2, 'Iphone xs Max0', NULL, '2023-07-19 18:27:13', 528237.00, NULL, NULL, 0, 0, 1, NULL, NULL, NULL, NULL, 3),
(3, 'Nokia Pro0', NULL, '2023-07-19 18:27:13', 338966.00, NULL, NULL, 0, 0, 1, NULL, NULL, NULL, NULL, 1),
(4, 'Oppo XA 1', NULL, '2023-07-19 18:27:13', 931024.00, NULL, NULL, 0, 0, 1, NULL, NULL, NULL, NULL, 2),
(5, 'Iphone xs Max1', NULL, '2023-07-19 18:27:13', 653278.00, NULL, NULL, 0, 0, 1, NULL, NULL, NULL, NULL, 3),
(6, 'Nokia Pro1', NULL, '2023-07-19 18:27:13', 265080.00, NULL, NULL, 0, 0, 1, NULL, NULL, NULL, NULL, 1),
(7, 'Oppo XA 2', NULL, '2023-07-19 18:27:13', 724863.00, NULL, NULL, 0, 0, 1, NULL, NULL, NULL, NULL, 2),
(8, 'Iphone xs Max2', NULL, '2023-07-19 18:27:13', 600510.00, NULL, NULL, 0, 0, 1, NULL, NULL, NULL, NULL, 3),
(9, 'Nokia Pro2', NULL, '2023-07-19 18:27:13', 370767.00, NULL, NULL, 0, 0, 1, NULL, NULL, NULL, NULL, 1),
(10, 'Oppo XA 3', NULL, '2023-07-19 18:27:13', 738452.00, NULL, NULL, 0, 0, 1, NULL, NULL, NULL, NULL, 2),
(11, 'Iphone xs Max3', NULL, '2023-07-19 18:27:13', 792367.00, NULL, NULL, 0, 0, 1, NULL, NULL, NULL, NULL, 3),
(12, 'Nokia Pro3', NULL, '2023-07-19 18:27:13', 334153.00, NULL, NULL, 0, 0, 1, NULL, NULL, NULL, NULL, 1),
(13, 'Oppo XA 4', NULL, '2023-07-19 18:27:13', 701803.00, NULL, NULL, 0, 0, 1, NULL, NULL, NULL, NULL, 2),
(14, 'Iphone xs Max4', NULL, '2023-07-19 18:27:13', 541606.00, NULL, NULL, 0, 0, 1, NULL, NULL, NULL, NULL, 3),
(15, 'Nokia Pro4', NULL, '2023-07-19 18:27:13', 436886.00, NULL, NULL, 0, 0, 1, NULL, NULL, NULL, NULL, 1),
(16, 'Oppo XA 5', NULL, '2023-07-19 18:27:13', 979354.00, NULL, NULL, 0, 0, 1, NULL, NULL, NULL, NULL, 2),
(17, 'Iphone xs Max5', NULL, '2023-07-19 18:27:13', 793472.00, NULL, NULL, 0, 0, 1, NULL, NULL, NULL, NULL, 3),
(18, 'Nokia Pro5', NULL, '2023-07-19 18:27:13', 331507.00, NULL, NULL, 0, 0, 1, NULL, NULL, NULL, NULL, 1),
(19, 'Oppo XA 6', NULL, '2023-07-19 18:27:13', 973336.00, NULL, NULL, 0, 0, 1, NULL, NULL, NULL, NULL, 2),
(20, 'Iphone xs Max6', NULL, '2023-07-19 18:27:13', 783379.00, NULL, NULL, 0, 0, 1, NULL, NULL, NULL, NULL, 3),
(21, 'Nokia Pro6', NULL, '2023-07-19 18:27:13', 354177.00, NULL, NULL, 0, 0, 1, NULL, NULL, NULL, NULL, 1),
(22, 'Oppo XA 7', NULL, '2023-07-19 18:27:13', 997204.00, NULL, NULL, 0, 0, 1, NULL, NULL, NULL, NULL, 2),
(23, 'Iphone xs Max7', NULL, '2023-07-19 18:27:13', 571596.00, NULL, NULL, 0, 0, 1, NULL, NULL, NULL, NULL, 3),
(24, 'Nokia Pro7', NULL, '2023-07-19 18:27:13', 346465.00, NULL, NULL, 0, 0, 1, NULL, NULL, NULL, NULL, 1),
(25, 'Oppo XA 8', NULL, '2023-07-19 18:27:13', 826011.00, NULL, NULL, 0, 0, 1, NULL, NULL, NULL, NULL, 2),
(26, 'Iphone xs Max8', NULL, '2023-07-19 18:27:13', 627237.00, NULL, NULL, 0, 0, 1, NULL, NULL, NULL, NULL, 3),
(27, 'Nokia Pro8', NULL, '2023-07-19 18:27:13', 322693.00, NULL, NULL, 0, 0, 1, NULL, NULL, NULL, NULL, 1),
(28, 'Oppo XA 9', NULL, '2023-07-19 18:27:13', 776178.00, NULL, NULL, 0, 0, 1, NULL, NULL, NULL, NULL, 2),
(29, 'Iphone xs Max9', NULL, '2023-07-19 18:27:13', 518080.00, NULL, NULL, 0, 0, 1, NULL, NULL, NULL, NULL, 3),
(30, 'Nokia Pro9', NULL, '2023-07-19 18:27:13', 270110.00, NULL, NULL, 0, 0, 1, NULL, NULL, NULL, NULL, 1),
(31, 'Oppo XA 10', NULL, '2023-07-19 18:27:13', 834367.00, NULL, NULL, 0, 0, 1, NULL, NULL, NULL, NULL, 2),
(32, 'Iphone xs Max10', NULL, '2023-07-19 18:27:13', 768454.00, NULL, NULL, 0, 0, 1, NULL, NULL, NULL, NULL, 3),
(33, 'Nokia Pro10', NULL, '2023-07-19 18:27:13', 328525.00, NULL, NULL, 0, 0, 1, NULL, NULL, NULL, NULL, 1),
(34, 'Oppo XA 11', NULL, '2023-07-19 18:27:13', 957864.00, NULL, NULL, 0, 0, 1, NULL, NULL, NULL, NULL, 2),
(35, 'Iphone xs Max11', NULL, '2023-07-19 18:27:13', 531505.00, NULL, NULL, 0, 0, 1, NULL, NULL, NULL, NULL, 3),
(36, 'Nokia Pro11', NULL, '2023-07-19 18:27:13', 450511.00, NULL, NULL, 0, 0, 1, NULL, NULL, NULL, NULL, 1),
(37, 'Oppo XA 12', NULL, '2023-07-19 18:27:13', 935485.00, NULL, NULL, 0, 0, 1, NULL, NULL, NULL, NULL, 2),
(38, 'Iphone xs Max12', NULL, '2023-07-19 18:27:13', 704454.00, NULL, NULL, 0, 0, 1, NULL, NULL, NULL, NULL, 3),
(39, 'Nokia Pro12', NULL, '2023-07-19 18:27:13', 470022.00, NULL, NULL, 0, 0, 1, NULL, NULL, NULL, NULL, 1),
(40, 'Oppo XA 13', NULL, '2023-07-19 18:27:13', 832818.00, NULL, NULL, 0, 0, 1, NULL, NULL, NULL, NULL, 2),
(41, 'Iphone xs Max13', NULL, '2023-07-19 18:27:13', 560996.00, NULL, NULL, 0, 0, 1, NULL, NULL, NULL, NULL, 3),
(42, 'Nokia Pro13', NULL, '2023-07-19 18:27:13', 264041.00, NULL, NULL, 0, 0, 1, NULL, NULL, NULL, NULL, 1),
(43, 'Oppo XA 14', NULL, '2023-07-19 18:27:13', 965980.00, NULL, NULL, 0, 0, 1, NULL, NULL, NULL, NULL, 2),
(44, 'Iphone xs Max14', NULL, '2023-07-19 18:27:13', 772512.00, NULL, NULL, 0, 0, 1, NULL, NULL, NULL, NULL, 3),
(45, 'Nokia Pro14', NULL, '2023-07-19 18:27:13', 407500.00, NULL, NULL, 0, 0, 1, NULL, NULL, NULL, NULL, 1),
(46, 'Oppo XA 15', NULL, '2023-07-19 18:27:13', 931746.00, NULL, NULL, 0, 0, 1, NULL, NULL, NULL, NULL, 2),
(47, 'Iphone xs Max15', NULL, '2023-07-19 18:27:13', 692518.00, NULL, NULL, 0, 0, 1, NULL, NULL, NULL, NULL, 3),
(48, 'Nokia Pro15', NULL, '2023-07-19 18:27:13', 482796.00, NULL, NULL, 0, 0, 1, NULL, NULL, NULL, NULL, 1),
(49, 'Oppo XA 16', NULL, '2023-07-19 18:27:13', 951651.00, NULL, NULL, 0, 0, 1, NULL, NULL, NULL, NULL, 2),
(50, 'Iphone xs Max16', NULL, '2023-07-19 18:27:13', 737798.00, NULL, NULL, 0, 0, 1, NULL, NULL, NULL, NULL, 3),
(51, 'Nokia Pro16', NULL, '2023-07-19 18:27:13', 292667.00, NULL, NULL, 0, 0, 1, NULL, NULL, NULL, NULL, 1),
(52, 'Oppo XA 17', NULL, '2023-07-19 18:27:13', 858247.00, NULL, NULL, 0, 0, 1, NULL, NULL, NULL, NULL, 2),
(53, 'Iphone xs Max17', NULL, '2023-07-19 18:27:13', 620737.00, NULL, NULL, 0, 0, 1, NULL, NULL, NULL, NULL, 3),
(54, 'Nokia Pro17', NULL, '2023-07-19 18:27:13', 300579.00, NULL, NULL, 0, 0, 1, NULL, NULL, NULL, NULL, 1),
(55, 'Oppo XA 18', NULL, '2023-07-19 18:27:13', 984796.00, NULL, NULL, 0, 0, 1, NULL, NULL, NULL, NULL, 2),
(56, 'Iphone xs Max18', NULL, '2023-07-19 18:27:13', 705641.00, NULL, NULL, 0, 0, 1, NULL, NULL, NULL, NULL, 3),
(57, 'Nokia Pro18', NULL, '2023-07-19 18:27:13', 345573.00, NULL, NULL, 0, 0, 1, NULL, NULL, NULL, NULL, 1),
(58, 'Oppo XA 19', NULL, '2023-07-19 18:27:13', 914737.00, NULL, NULL, 0, 0, 1, NULL, NULL, NULL, NULL, 2),
(59, 'Iphone xs Max19', NULL, '2023-07-19 18:27:13', 638688.00, NULL, NULL, 0, 0, 1, NULL, NULL, NULL, NULL, 3),
(60, 'Nokia Pro19', NULL, '2023-07-19 18:27:13', 416767.00, NULL, NULL, 0, 0, 1, NULL, NULL, NULL, NULL, 1),
(61, 'Oppo XA 20', NULL, '2023-07-19 18:27:13', 928852.00, NULL, NULL, 0, 0, 1, NULL, NULL, NULL, NULL, 2),
(62, 'Iphone xs Max20', NULL, '2023-07-19 18:27:13', 670605.00, NULL, NULL, 0, 0, 1, NULL, NULL, NULL, NULL, 3),
(63, 'Nokia Pro20', NULL, '2023-07-19 18:27:13', 331472.00, NULL, NULL, 0, 0, 1, NULL, NULL, NULL, NULL, 1),
(64, 'Oppo XA 21', NULL, '2023-07-19 18:27:13', 910730.00, NULL, NULL, 0, 0, 1, NULL, NULL, NULL, NULL, 2),
(65, 'Iphone xs Max21', NULL, '2023-07-19 18:27:13', 506600.00, NULL, NULL, 0, 0, 1, NULL, NULL, NULL, NULL, 3),
(66, 'Nokia Pro21', NULL, '2023-07-19 18:27:13', 286655.00, NULL, NULL, 0, 0, 1, NULL, NULL, NULL, NULL, 1),
(67, 'Oppo XA 22', NULL, '2023-07-19 18:27:13', 930657.00, NULL, NULL, 0, 0, 1, NULL, NULL, NULL, NULL, 2),
(68, 'Iphone xs Max22', NULL, '2023-07-19 18:27:13', 515999.00, NULL, NULL, 0, 0, 1, NULL, NULL, NULL, NULL, 3),
(69, 'Nokia Pro22', NULL, '2023-07-19 18:27:13', 263351.00, NULL, NULL, 0, 0, 1, NULL, NULL, NULL, NULL, 1),
(70, 'Oppo XA 23', NULL, '2023-07-19 18:27:13', 909143.00, NULL, NULL, 0, 0, 1, NULL, NULL, NULL, NULL, 2),
(71, 'Iphone xs Max23', NULL, '2023-07-19 18:27:13', 568958.00, NULL, NULL, 0, 0, 1, NULL, NULL, NULL, NULL, 3),
(72, 'Nokia Pro23', NULL, '2023-07-19 18:27:13', 463504.00, NULL, NULL, 0, 0, 1, NULL, NULL, NULL, NULL, 1),
(73, 'Oppo XA 24', NULL, '2023-07-19 18:27:13', 913800.00, NULL, NULL, 0, 0, 1, NULL, NULL, NULL, NULL, 2),
(74, 'Iphone xs Max24', NULL, '2023-07-19 18:27:13', 574274.00, NULL, NULL, 0, 0, 1, NULL, NULL, NULL, NULL, 3),
(75, 'Nokia Pro24', NULL, '2023-07-19 18:27:13', 428599.00, NULL, NULL, 0, 0, 1, NULL, NULL, NULL, NULL, 1),
(76, 'Oppo XA 25', NULL, '2023-07-19 18:27:13', 920988.00, NULL, NULL, 0, 0, 1, NULL, NULL, NULL, NULL, 2),
(77, 'Iphone xs Max25', NULL, '2023-07-19 18:27:13', 554848.00, NULL, NULL, 0, 0, 1, NULL, NULL, NULL, NULL, 3),
(78, 'Nokia Pro25', NULL, '2023-07-19 18:27:13', 328899.00, NULL, NULL, 0, 0, 1, NULL, NULL, NULL, NULL, 1),
(79, 'Oppo XA 26', NULL, '2023-07-19 18:27:13', 709957.00, NULL, NULL, 0, 0, 1, NULL, NULL, NULL, NULL, 2),
(80, 'Iphone xs Max26', NULL, '2023-07-19 18:27:13', 606204.00, NULL, NULL, 0, 0, 1, NULL, NULL, NULL, NULL, 3),
(81, 'Nokia Pro26', NULL, '2023-07-19 18:27:13', 319925.00, NULL, NULL, 0, 0, 1, NULL, NULL, NULL, NULL, 1),
(82, 'Oppo XA 27', NULL, '2023-07-19 18:27:13', 715270.00, NULL, NULL, 0, 0, 1, NULL, NULL, NULL, NULL, 2),
(83, 'Iphone xs Max27', NULL, '2023-07-19 18:27:13', 798828.00, NULL, NULL, 0, 0, 1, NULL, NULL, NULL, NULL, 3),
(84, 'Nokia Pro27', NULL, '2023-07-19 18:27:13', 268045.00, NULL, NULL, 0, 0, 1, NULL, NULL, NULL, NULL, 1),
(85, 'Oppo XA 28', NULL, '2023-07-19 18:27:13', 905793.00, NULL, NULL, 0, 0, 1, NULL, NULL, NULL, NULL, 2),
(86, 'Iphone xs Max28', NULL, '2023-07-19 18:27:13', 599388.00, NULL, NULL, 0, 0, 1, NULL, NULL, NULL, NULL, 3),
(87, 'Nokia Pro28', NULL, '2023-07-19 18:27:13', 372480.00, NULL, NULL, 0, 0, 1, NULL, NULL, NULL, NULL, 1),
(88, 'Oppo XA 29', NULL, '2023-07-19 18:27:13', 725432.00, NULL, NULL, 0, 0, 1, NULL, NULL, NULL, NULL, 2),
(89, 'Iphone xs Max29', NULL, '2023-07-19 18:27:13', 612474.00, NULL, NULL, 0, 0, 1, NULL, NULL, NULL, NULL, 3),
(90, 'Nokia Pro29', NULL, '2023-07-19 18:27:13', 333292.00, NULL, NULL, 0, 0, 1, NULL, NULL, NULL, NULL, 1),
(91, 'Oppo XA 30', NULL, '2023-07-19 18:27:13', 894672.00, NULL, NULL, 0, 0, 1, NULL, NULL, NULL, NULL, 2),
(92, 'Iphone xs Max30', NULL, '2023-07-19 18:27:13', 779472.00, NULL, NULL, 0, 0, 1, NULL, NULL, NULL, NULL, 3),
(93, 'Nokia Pro30', NULL, '2023-07-19 18:27:13', 364153.00, NULL, NULL, 0, 0, 1, NULL, NULL, NULL, NULL, 1),
(94, 'Oppo XA 31', NULL, '2023-07-19 18:27:13', 978738.00, NULL, NULL, 0, 0, 1, NULL, NULL, NULL, NULL, 2),
(95, 'Iphone xs Max31', NULL, '2023-07-19 18:27:13', 659969.00, NULL, NULL, 0, 0, 1, NULL, NULL, NULL, NULL, 3),
(96, 'Nokia Pro31', NULL, '2023-07-19 18:27:13', 344219.00, NULL, NULL, 0, 0, 1, NULL, NULL, NULL, NULL, 1),
(97, 'Oppo XA 32', NULL, '2023-07-19 18:27:13', 799587.00, NULL, NULL, 0, 0, 1, NULL, NULL, NULL, NULL, 2),
(98, 'Iphone xs Max32', NULL, '2023-07-19 18:27:13', 792908.00, NULL, NULL, 0, 0, 1, NULL, NULL, NULL, NULL, 3),
(99, 'Nokia Pro32', NULL, '2023-07-19 18:27:13', 258066.00, NULL, NULL, 0, 0, 1, NULL, NULL, NULL, NULL, 1),
(100, 'Oppo XA 33', NULL, '2023-07-19 18:27:13', 953343.00, NULL, NULL, 0, 0, 1, NULL, NULL, NULL, NULL, 2),
(101, 'Iphone xs Max33', NULL, '2023-07-19 18:27:13', 526155.00, NULL, NULL, 0, 0, 1, NULL, NULL, NULL, NULL, 3),
(102, 'Nokia Pro33', NULL, '2023-07-19 18:27:13', 487556.00, NULL, NULL, 0, 0, 1, NULL, NULL, NULL, NULL, 1),
(103, 'Oppo XA 34', NULL, '2023-07-19 18:27:13', 874352.00, NULL, NULL, 0, 0, 1, NULL, NULL, NULL, NULL, 2),
(104, 'Iphone xs Max34', NULL, '2023-07-19 18:27:13', 676647.00, NULL, NULL, 0, 0, 1, NULL, NULL, NULL, NULL, 3),
(105, 'Nokia Pro34', NULL, '2023-07-19 18:27:13', 438188.00, NULL, NULL, 0, 0, 1, NULL, NULL, NULL, NULL, 1),
(106, 'Oppo XA 35', NULL, '2023-07-19 18:27:13', 727597.00, NULL, NULL, 0, 0, 1, NULL, NULL, NULL, NULL, 2),
(107, 'Iphone xs Max35', NULL, '2023-07-19 18:27:13', 694484.00, NULL, NULL, 0, 0, 1, NULL, NULL, NULL, NULL, 3),
(108, 'Nokia Pro35', NULL, '2023-07-19 18:27:13', 408443.00, NULL, NULL, 0, 0, 1, NULL, NULL, NULL, NULL, 1),
(109, 'Oppo XA 36', NULL, '2023-07-19 18:27:13', 760512.00, NULL, NULL, 0, 0, 1, NULL, NULL, NULL, NULL, 2),
(110, 'Iphone xs Max36', NULL, '2023-07-19 18:27:13', 753016.00, NULL, NULL, 0, 0, 1, NULL, NULL, NULL, NULL, 3),
(111, 'Nokia Pro36', NULL, '2023-07-19 18:27:13', 450239.00, NULL, NULL, 0, 0, 1, NULL, NULL, NULL, NULL, 1),
(112, 'Oppo XA 37', NULL, '2023-07-19 18:27:13', 979982.00, NULL, NULL, 0, 0, 1, NULL, NULL, NULL, NULL, 2),
(113, 'Iphone xs Max37', NULL, '2023-07-19 18:27:13', 588234.00, NULL, NULL, 0, 0, 1, NULL, NULL, NULL, NULL, 3),
(114, 'Nokia Pro37', NULL, '2023-07-19 18:27:13', 423302.00, NULL, NULL, 0, 0, 1, NULL, NULL, NULL, NULL, 1),
(115, 'Oppo XA 38', NULL, '2023-07-19 18:27:13', 830544.00, NULL, NULL, 0, 0, 1, NULL, NULL, NULL, NULL, 2),
(116, 'Iphone xs Max38', NULL, '2023-07-19 18:27:13', 511661.00, NULL, NULL, 0, 0, 1, NULL, NULL, NULL, NULL, 3),
(117, 'Nokia Pro38', NULL, '2023-07-19 18:27:13', 499595.00, NULL, NULL, 0, 0, 1, NULL, NULL, NULL, NULL, 1),
(118, 'Oppo XA 39', NULL, '2023-07-19 18:27:13', 889833.00, NULL, NULL, 0, 0, 1, NULL, NULL, NULL, NULL, 2),
(119, 'Iphone xs Max39', NULL, '2023-07-19 18:27:13', 715581.00, NULL, NULL, 0, 0, 1, NULL, NULL, NULL, NULL, 3),
(120, 'Nokia Pro39', NULL, '2023-07-19 18:27:13', 486700.00, NULL, NULL, 0, 0, 1, NULL, NULL, NULL, NULL, 1),
(121, 'Oppo XA 40', NULL, '2023-07-19 18:27:13', 967480.00, NULL, NULL, 0, 0, 1, NULL, NULL, NULL, NULL, 2),
(122, 'Iphone xs Max40', NULL, '2023-07-19 18:27:13', 675988.00, NULL, NULL, 0, 0, 1, NULL, NULL, NULL, NULL, 3),
(123, 'Nokia Pro40', NULL, '2023-07-19 18:27:13', 296517.00, NULL, NULL, 0, 0, 1, NULL, NULL, NULL, NULL, 1),
(124, 'Oppo XA 41', NULL, '2023-07-19 18:27:13', 991768.00, NULL, NULL, 0, 0, 1, NULL, NULL, NULL, NULL, 2),
(125, 'Iphone xs Max41', NULL, '2023-07-19 18:27:13', 701546.00, NULL, NULL, 0, 0, 1, NULL, NULL, NULL, NULL, 3),
(126, 'Nokia Pro41', NULL, '2023-07-19 18:27:13', 464312.00, NULL, NULL, 0, 0, 1, NULL, NULL, NULL, NULL, 1),
(127, 'Oppo XA 42', NULL, '2023-07-19 18:27:13', 855603.00, NULL, NULL, 0, 0, 1, NULL, NULL, NULL, NULL, 2),
(128, 'Iphone xs Max42', NULL, '2023-07-19 18:27:13', 698054.00, NULL, NULL, 0, 0, 1, NULL, NULL, NULL, NULL, 3),
(129, 'Nokia Pro42', NULL, '2023-07-19 18:27:13', 260263.00, NULL, NULL, 0, 0, 1, NULL, NULL, NULL, NULL, 1),
(130, 'Oppo XA 43', NULL, '2023-07-19 18:27:13', 755580.00, NULL, NULL, 0, 0, 1, NULL, NULL, NULL, NULL, 2),
(131, 'Iphone xs Max43', NULL, '2023-07-19 18:27:13', 709266.00, NULL, NULL, 0, 0, 1, NULL, NULL, NULL, NULL, 3),
(132, 'Nokia Pro43', NULL, '2023-07-19 18:27:13', 299379.00, NULL, NULL, 0, 0, 1, NULL, NULL, NULL, NULL, 1),
(133, 'Oppo XA 44', NULL, '2023-07-19 18:27:13', 854036.00, NULL, NULL, 0, 0, 1, NULL, NULL, NULL, NULL, 2),
(134, 'Iphone xs Max44', NULL, '2023-07-19 18:27:13', 759968.00, NULL, NULL, 0, 0, 1, NULL, NULL, NULL, NULL, 3),
(135, 'Nokia Pro44', NULL, '2023-07-19 18:27:13', 496292.00, NULL, NULL, 0, 0, 1, NULL, NULL, NULL, NULL, 1),
(136, 'Oppo XA 45', NULL, '2023-07-19 18:27:13', 853907.00, NULL, NULL, 0, 0, 1, NULL, NULL, NULL, NULL, 2),
(137, 'Iphone xs Max45', NULL, '2023-07-19 18:27:13', 667282.00, NULL, NULL, 0, 0, 1, NULL, NULL, NULL, NULL, 3),
(138, 'Nokia Pro45', NULL, '2023-07-19 18:27:13', 261630.00, NULL, NULL, 0, 0, 1, NULL, NULL, NULL, NULL, 1),
(139, 'Oppo XA 46', NULL, '2023-07-19 18:27:13', 739464.00, NULL, NULL, 0, 0, 1, NULL, NULL, NULL, NULL, 2),
(140, 'Iphone xs Max46', NULL, '2023-07-19 18:27:13', 627120.00, NULL, NULL, 0, 0, 1, NULL, NULL, NULL, NULL, 3),
(141, 'Nokia Pro46', NULL, '2023-07-19 18:27:13', 344134.00, NULL, NULL, 0, 0, 1, NULL, NULL, NULL, NULL, 1),
(142, 'Oppo XA 47', NULL, '2023-07-19 18:27:13', 950239.00, NULL, NULL, 0, 0, 1, NULL, NULL, NULL, NULL, 2),
(143, 'Iphone xs Max47', NULL, '2023-07-19 18:27:13', 638089.00, NULL, NULL, 0, 0, 1, NULL, NULL, NULL, NULL, 3),
(144, 'Nokia Pro47', NULL, '2023-07-19 18:27:13', 485779.00, NULL, NULL, 0, 0, 1, NULL, NULL, NULL, NULL, 1),
(145, 'Oppo XA 48', NULL, '2023-07-19 18:27:13', 933306.00, NULL, NULL, 0, 0, 1, NULL, NULL, NULL, NULL, 2),
(146, 'Iphone xs Max48', NULL, '2023-07-19 18:27:13', 660833.00, NULL, NULL, 0, 0, 1, NULL, NULL, NULL, NULL, 3),
(147, 'Nokia Pro48', NULL, '2023-07-19 18:27:13', 352508.00, NULL, NULL, 0, 0, 1, NULL, NULL, NULL, NULL, 1),
(148, 'Oppo XA 49', NULL, '2023-07-19 18:27:13', 912347.00, NULL, NULL, 0, 0, 1, NULL, NULL, NULL, NULL, 2),
(149, 'Iphone xs Max49', NULL, '2023-07-19 18:27:13', 655205.00, NULL, NULL, 0, 0, 1, NULL, NULL, NULL, NULL, 3),
(150, 'Nokia Pro49', NULL, '2023-07-19 18:27:13', 315984.00, NULL, NULL, 0, 0, 1, NULL, NULL, NULL, NULL, 1),
(151, 'Oppo XA 50', NULL, '2023-07-19 18:27:13', 818219.00, NULL, NULL, 0, 0, 1, NULL, NULL, NULL, NULL, 2),
(152, 'Iphone xs Max50', NULL, '2023-07-19 18:27:13', 507389.00, NULL, NULL, 0, 0, 1, NULL, NULL, NULL, NULL, 3),
(153, 'Nokia Pro50', NULL, '2023-07-19 18:27:13', 328368.00, NULL, NULL, 0, 0, 1, NULL, NULL, NULL, NULL, 1),
(154, 'Oppo XA 51', NULL, '2023-07-19 18:27:13', 862094.00, NULL, NULL, 0, 0, 1, NULL, NULL, NULL, NULL, 2),
(155, 'Iphone xs Max51', NULL, '2023-07-19 18:27:13', 689660.00, NULL, NULL, 0, 0, 1, NULL, NULL, NULL, NULL, 3),
(156, 'Nokia Pro51', NULL, '2023-07-19 18:27:13', 345176.00, NULL, NULL, 0, 0, 1, NULL, NULL, NULL, NULL, 1),
(157, 'Oppo XA 52', NULL, '2023-07-19 18:27:13', 737465.00, NULL, NULL, 0, 0, 1, NULL, NULL, NULL, NULL, 2),
(158, 'Iphone xs Max52', NULL, '2023-07-19 18:27:13', 586910.00, NULL, NULL, 0, 0, 1, NULL, NULL, NULL, NULL, 3),
(159, 'Nokia Pro52', NULL, '2023-07-19 18:27:13', 251069.00, NULL, NULL, 0, 0, 1, NULL, NULL, NULL, NULL, 1),
(160, 'Oppo XA 53', NULL, '2023-07-19 18:27:13', 719469.00, NULL, NULL, 0, 0, 1, NULL, NULL, NULL, NULL, 2),
(161, 'Iphone xs Max53', NULL, '2023-07-19 18:27:13', 798591.00, NULL, NULL, 0, 0, 1, NULL, NULL, NULL, NULL, 3),
(162, 'Nokia Pro53', NULL, '2023-07-19 18:27:13', 402139.00, NULL, NULL, 0, 0, 1, NULL, NULL, NULL, NULL, 1),
(163, 'Oppo XA 54', NULL, '2023-07-19 18:27:13', 821653.00, NULL, NULL, 0, 0, 1, NULL, NULL, NULL, NULL, 2),
(164, 'Iphone xs Max54', NULL, '2023-07-19 18:27:13', 686391.00, NULL, NULL, 0, 0, 1, NULL, NULL, NULL, NULL, 3),
(165, 'Nokia Pro54', NULL, '2023-07-19 18:27:13', 351202.00, NULL, NULL, 0, 0, 1, NULL, NULL, NULL, NULL, 1),
(166, 'Oppo XA 55', NULL, '2023-07-19 18:27:13', 921805.00, NULL, NULL, 0, 0, 1, NULL, NULL, NULL, NULL, 2),
(167, 'Iphone xs Max55', NULL, '2023-07-19 18:27:13', 528928.00, NULL, NULL, 0, 0, 1, NULL, NULL, NULL, NULL, 3),
(168, 'Nokia Pro55', NULL, '2023-07-19 18:27:13', 360305.00, NULL, NULL, 0, 0, 1, NULL, NULL, NULL, NULL, 1),
(169, 'Oppo XA 56', NULL, '2023-07-19 18:27:13', 954089.00, NULL, NULL, 0, 0, 1, NULL, NULL, NULL, NULL, 2),
(170, 'Iphone xs Max56', NULL, '2023-07-19 18:27:13', 798091.00, NULL, NULL, 0, 0, 1, NULL, NULL, NULL, NULL, 3),
(171, 'Nokia Pro56', NULL, '2023-07-19 18:27:13', 251041.00, NULL, NULL, 0, 0, 1, NULL, NULL, NULL, NULL, 1),
(172, 'Oppo XA 57', NULL, '2023-07-19 18:27:13', 813419.00, NULL, NULL, 0, 0, 1, NULL, NULL, NULL, NULL, 2),
(173, 'Iphone xs Max57', NULL, '2023-07-19 18:27:13', 526943.00, NULL, NULL, 0, 0, 1, NULL, NULL, NULL, NULL, 3),
(174, 'Nokia Pro57', NULL, '2023-07-19 18:27:13', 298154.00, NULL, NULL, 0, 0, 1, NULL, NULL, NULL, NULL, 1),
(175, 'Oppo XA 58', NULL, '2023-07-19 18:27:13', 797538.00, NULL, NULL, 0, 0, 1, NULL, NULL, NULL, NULL, 2),
(176, 'Iphone xs Max58', NULL, '2023-07-19 18:27:13', 668876.00, NULL, NULL, 0, 0, 1, NULL, NULL, NULL, NULL, 3),
(177, 'Nokia Pro58', NULL, '2023-07-19 18:27:13', 323629.00, NULL, NULL, 0, 0, 1, NULL, NULL, NULL, NULL, 1),
(178, 'Oppo XA 59', NULL, '2023-07-19 18:27:13', 731791.00, NULL, NULL, 0, 0, 1, NULL, NULL, NULL, NULL, 2),
(179, 'Iphone xs Max59', NULL, '2023-07-19 18:27:13', 583836.00, NULL, NULL, 0, 0, 1, NULL, NULL, NULL, NULL, 3),
(180, 'Nokia Pro59', NULL, '2023-07-19 18:27:13', 483291.00, NULL, NULL, 0, 0, 1, NULL, NULL, NULL, NULL, 1),
(181, 'Oppo XA 60', NULL, '2023-07-19 18:27:13', 834586.00, NULL, NULL, 0, 0, 1, NULL, NULL, NULL, NULL, 2),
(182, 'Iphone xs Max60', NULL, '2023-07-19 18:27:13', 710878.00, NULL, NULL, 0, 0, 1, NULL, NULL, NULL, NULL, 3),
(183, 'Nokia Pro60', NULL, '2023-07-19 18:27:13', 498957.00, NULL, NULL, 0, 0, 1, NULL, NULL, NULL, NULL, 1),
(184, 'Oppo XA 61', NULL, '2023-07-19 18:27:13', 767275.00, NULL, NULL, 0, 0, 1, NULL, NULL, NULL, NULL, 2),
(185, 'Iphone xs Max61', NULL, '2023-07-19 18:27:13', 622900.00, NULL, NULL, 0, 0, 1, NULL, NULL, NULL, NULL, 3),
(186, 'Nokia Pro61', NULL, '2023-07-19 18:27:13', 334853.00, NULL, NULL, 0, 0, 1, NULL, NULL, NULL, NULL, 1),
(187, 'Oppo XA 62', NULL, '2023-07-19 18:27:13', 864406.00, NULL, NULL, 0, 0, 1, NULL, NULL, NULL, NULL, 2),
(188, 'Iphone xs Max62', NULL, '2023-07-19 18:27:13', 796058.00, NULL, NULL, 0, 0, 1, NULL, NULL, NULL, NULL, 3),
(189, 'Nokia Pro62', NULL, '2023-07-19 18:27:13', 374999.00, NULL, NULL, 0, 0, 1, NULL, NULL, NULL, NULL, 1),
(190, 'Oppo XA 63', NULL, '2023-07-19 18:27:13', 747964.00, NULL, NULL, 0, 0, 1, NULL, NULL, NULL, NULL, 2),
(191, 'Iphone xs Max63', NULL, '2023-07-19 18:27:13', 689614.00, NULL, NULL, 0, 0, 1, NULL, NULL, NULL, NULL, 3),
(192, 'Nokia Pro63', NULL, '2023-07-19 18:27:13', 299113.00, NULL, NULL, 0, 0, 1, NULL, NULL, NULL, NULL, 1),
(193, 'Oppo XA 64', NULL, '2023-07-19 18:27:14', 929948.00, NULL, NULL, 0, 0, 1, NULL, NULL, NULL, NULL, 2),
(194, 'Iphone xs Max64', NULL, '2023-07-19 18:27:14', 569022.00, NULL, NULL, 0, 0, 1, NULL, NULL, NULL, NULL, 3),
(195, 'Nokia Pro64', NULL, '2023-07-19 18:27:14', 255503.00, NULL, NULL, 0, 0, 1, NULL, NULL, NULL, NULL, 1),
(196, 'Oppo XA 65', NULL, '2023-07-19 18:27:14', 989630.00, NULL, NULL, 0, 0, 1, NULL, NULL, NULL, NULL, 2),
(197, 'Iphone xs Max65', NULL, '2023-07-19 18:27:14', 737506.00, NULL, NULL, 0, 0, 1, NULL, NULL, NULL, NULL, 3),
(198, 'Nokia Pro65', NULL, '2023-07-19 18:27:14', 480262.00, NULL, NULL, 0, 0, 1, NULL, NULL, NULL, NULL, 1),
(199, 'Oppo XA 66', NULL, '2023-07-19 18:27:14', 939398.00, NULL, NULL, 0, 0, 1, NULL, NULL, NULL, NULL, 2),
(200, 'Iphone xs Max66', NULL, '2023-07-19 18:27:14', 626330.00, NULL, NULL, 0, 0, 1, NULL, NULL, NULL, NULL, 3),
(201, 'Nokia Pro66', NULL, '2023-07-19 18:27:14', 283609.00, NULL, NULL, 0, 0, 1, NULL, NULL, NULL, NULL, 1),
(202, 'Oppo XA 67', NULL, '2023-07-19 18:27:14', 879830.00, NULL, NULL, 0, 0, 1, NULL, NULL, NULL, NULL, 2),
(203, 'Iphone xs Max67', NULL, '2023-07-19 18:27:14', 703624.00, NULL, NULL, 0, 0, 1, NULL, NULL, NULL, NULL, 3),
(204, 'Nokia Pro67', NULL, '2023-07-19 18:27:14', 363454.00, NULL, NULL, 0, 0, 1, NULL, NULL, NULL, NULL, 1),
(205, 'Oppo XA 68', NULL, '2023-07-19 18:27:14', 950646.00, NULL, NULL, 0, 0, 1, NULL, NULL, NULL, NULL, 2),
(206, 'Iphone xs Max68', NULL, '2023-07-19 18:27:14', 624323.00, NULL, NULL, 0, 0, 1, NULL, NULL, NULL, NULL, 3),
(207, 'Nokia Pro68', NULL, '2023-07-19 18:27:14', 324011.00, NULL, NULL, 0, 0, 1, NULL, NULL, NULL, NULL, 1),
(208, 'Oppo XA 69', NULL, '2023-07-19 18:27:14', 703329.00, NULL, NULL, 0, 0, 1, NULL, NULL, NULL, NULL, 2),
(209, 'Iphone xs Max69', NULL, '2023-07-19 18:27:14', 582956.00, NULL, NULL, 0, 0, 1, NULL, NULL, NULL, NULL, 3),
(210, 'Nokia Pro69', NULL, '2023-07-19 18:27:14', 377768.00, NULL, NULL, 0, 0, 1, NULL, NULL, NULL, NULL, 1),
(211, 'Oppo XA 70', NULL, '2023-07-19 18:27:14', 766424.00, NULL, NULL, 0, 0, 1, NULL, NULL, NULL, NULL, 2),
(212, 'Iphone xs Max70', NULL, '2023-07-19 18:27:14', 640635.00, NULL, NULL, 0, 0, 1, NULL, NULL, NULL, NULL, 3),
(213, 'Nokia Pro70', NULL, '2023-07-19 18:27:14', 385897.00, NULL, NULL, 0, 0, 1, NULL, NULL, NULL, NULL, 1),
(214, 'Oppo XA 71', NULL, '2023-07-19 18:27:14', 910870.00, NULL, NULL, 0, 0, 1, NULL, NULL, NULL, NULL, 2),
(215, 'Iphone xs Max71', NULL, '2023-07-19 18:27:14', 574585.00, NULL, NULL, 0, 0, 1, NULL, NULL, NULL, NULL, 3),
(216, 'Nokia Pro71', NULL, '2023-07-19 18:27:14', 284594.00, NULL, NULL, 0, 0, 1, NULL, NULL, NULL, NULL, 1),
(217, 'Oppo XA 72', NULL, '2023-07-19 18:27:14', 895331.00, NULL, NULL, 0, 0, 1, NULL, NULL, NULL, NULL, 2),
(218, 'Iphone xs Max72', NULL, '2023-07-19 18:27:14', 639256.00, NULL, NULL, 0, 0, 1, NULL, NULL, NULL, NULL, 3),
(219, 'Nokia Pro72', NULL, '2023-07-19 18:27:14', 306486.00, NULL, NULL, 0, 0, 1, NULL, NULL, NULL, NULL, 1),
(220, 'Oppo XA 73', NULL, '2023-07-19 18:27:14', 814786.00, NULL, NULL, 0, 0, 1, NULL, NULL, NULL, NULL, 2),
(221, 'Iphone xs Max73', NULL, '2023-07-19 18:27:14', 602369.00, NULL, NULL, 0, 0, 1, NULL, NULL, NULL, NULL, 3),
(222, 'Nokia Pro73', NULL, '2023-07-19 18:27:14', 268802.00, NULL, NULL, 0, 0, 1, NULL, NULL, NULL, NULL, 1),
(223, 'Oppo XA 74', NULL, '2023-07-19 18:27:14', 718543.00, NULL, NULL, 0, 0, 1, NULL, NULL, NULL, NULL, 2),
(224, 'Iphone xs Max74', NULL, '2023-07-19 18:27:14', 543562.00, NULL, NULL, 0, 0, 1, NULL, NULL, NULL, NULL, 3),
(225, 'Nokia Pro74', NULL, '2023-07-19 18:27:14', 373063.00, NULL, NULL, 0, 0, 1, NULL, NULL, NULL, NULL, 1),
(226, 'Oppo XA 75', NULL, '2023-07-19 18:27:14', 912276.00, NULL, NULL, 0, 0, 1, NULL, NULL, NULL, NULL, 2),
(227, 'Iphone xs Max75', NULL, '2023-07-19 18:27:14', 689391.00, NULL, NULL, 0, 0, 1, NULL, NULL, NULL, NULL, 3),
(228, 'Nokia Pro75', NULL, '2023-07-19 18:27:14', 441715.00, NULL, NULL, 0, 0, 1, NULL, NULL, NULL, NULL, 1),
(229, 'Oppo XA 76', NULL, '2023-07-19 18:27:14', 930667.00, NULL, NULL, 0, 0, 1, NULL, NULL, NULL, NULL, 2),
(230, 'Iphone xs Max76', NULL, '2023-07-19 18:27:14', 520163.00, NULL, NULL, 0, 0, 1, NULL, NULL, NULL, NULL, 3),
(231, 'Nokia Pro76', NULL, '2023-07-19 18:27:14', 304510.00, NULL, NULL, 0, 0, 1, NULL, NULL, NULL, NULL, 1),
(232, 'Oppo XA 77', NULL, '2023-07-19 18:27:14', 795536.00, NULL, NULL, 0, 0, 1, NULL, NULL, NULL, NULL, 2),
(233, 'Iphone xs Max77', NULL, '2023-07-19 18:27:14', 751487.00, NULL, NULL, 0, 0, 1, NULL, NULL, NULL, NULL, 3),
(234, 'Nokia Pro77', NULL, '2023-07-19 18:27:14', 481840.00, NULL, NULL, 0, 0, 1, NULL, NULL, NULL, NULL, 1),
(235, 'Oppo XA 78', NULL, '2023-07-19 18:27:14', 849789.00, NULL, NULL, 0, 0, 1, NULL, NULL, NULL, NULL, 2),
(236, 'Iphone xs Max78', NULL, '2023-07-19 18:27:14', 579863.00, NULL, NULL, 0, 0, 1, NULL, NULL, NULL, NULL, 3),
(237, 'Nokia Pro78', NULL, '2023-07-19 18:27:14', 473180.00, NULL, NULL, 0, 0, 1, NULL, NULL, NULL, NULL, 1),
(238, 'Oppo XA 79', NULL, '2023-07-19 18:27:14', 976005.00, NULL, NULL, 0, 0, 1, NULL, NULL, NULL, NULL, 2),
(239, 'Iphone xs Max79', NULL, '2023-07-19 18:27:14', 593563.00, NULL, NULL, 0, 0, 1, NULL, NULL, NULL, NULL, 3),
(240, 'Nokia Pro79', NULL, '2023-07-19 18:27:14', 400455.00, NULL, NULL, 0, 0, 1, NULL, NULL, NULL, NULL, 1),
(241, 'Oppo XA 80', NULL, '2023-07-19 18:27:14', 737419.00, NULL, NULL, 0, 0, 1, NULL, NULL, NULL, NULL, 2),
(242, 'Iphone xs Max80', NULL, '2023-07-19 18:27:14', 560362.00, NULL, NULL, 0, 0, 1, NULL, NULL, NULL, NULL, 3),
(243, 'Nokia Pro80', NULL, '2023-07-19 18:27:14', 354098.00, NULL, NULL, 0, 0, 1, NULL, NULL, NULL, NULL, 1),
(244, 'Oppo XA 81', NULL, '2023-07-19 18:27:14', 880033.00, NULL, NULL, 0, 0, 1, NULL, NULL, NULL, NULL, 2),
(245, 'Iphone xs Max81', NULL, '2023-07-19 18:27:14', 622925.00, NULL, NULL, 0, 0, 1, NULL, NULL, NULL, NULL, 3),
(246, 'Nokia Pro81', NULL, '2023-07-19 18:27:14', 282601.00, NULL, NULL, 0, 0, 1, NULL, NULL, NULL, NULL, 1),
(247, 'Oppo XA 82', NULL, '2023-07-19 18:27:14', 938440.00, NULL, NULL, 0, 0, 1, NULL, NULL, NULL, NULL, 2),
(248, 'Iphone xs Max82', NULL, '2023-07-19 18:27:14', 740282.00, NULL, NULL, 0, 0, 1, NULL, NULL, NULL, NULL, 3),
(249, 'Nokia Pro82', NULL, '2023-07-19 18:27:14', 460577.00, NULL, NULL, 0, 0, 1, NULL, NULL, NULL, NULL, 1),
(250, 'Oppo XA 83', NULL, '2023-07-19 18:27:14', 873148.00, NULL, NULL, 0, 0, 1, NULL, NULL, NULL, NULL, 2),
(251, 'Iphone xs Max83', NULL, '2023-07-19 18:27:14', 615128.00, NULL, NULL, 0, 0, 1, NULL, NULL, NULL, NULL, 3),
(252, 'Nokia Pro83', NULL, '2023-07-19 18:27:14', 358927.00, NULL, NULL, 0, 0, 1, NULL, NULL, NULL, NULL, 1),
(253, 'Oppo XA 84', NULL, '2023-07-19 18:27:14', 973481.00, NULL, NULL, 0, 0, 1, NULL, NULL, NULL, NULL, 2),
(254, 'Iphone xs Max84', NULL, '2023-07-19 18:27:14', 699196.00, NULL, NULL, 0, 0, 1, NULL, NULL, NULL, NULL, 3),
(255, 'Nokia Pro84', NULL, '2023-07-19 18:27:14', 481912.00, NULL, NULL, 0, 0, 1, NULL, NULL, NULL, NULL, 1),
(256, 'Oppo XA 85', NULL, '2023-07-19 18:27:14', 784209.00, NULL, NULL, 0, 0, 1, NULL, NULL, NULL, NULL, 2),
(257, 'Iphone xs Max85', NULL, '2023-07-19 18:27:14', 545661.00, NULL, NULL, 0, 0, 1, NULL, NULL, NULL, NULL, 3),
(258, 'Nokia Pro85', NULL, '2023-07-19 18:27:14', 412777.00, NULL, NULL, 0, 0, 1, NULL, NULL, NULL, NULL, 1),
(259, 'Oppo XA 86', NULL, '2023-07-19 18:27:14', 866820.00, NULL, NULL, 0, 0, 1, NULL, NULL, NULL, NULL, 2),
(260, 'Iphone xs Max86', NULL, '2023-07-19 18:27:14', 758318.00, NULL, NULL, 0, 0, 1, NULL, NULL, NULL, NULL, 3),
(261, 'Nokia Pro86', NULL, '2023-07-19 18:27:14', 310211.00, NULL, NULL, 0, 0, 1, NULL, NULL, NULL, NULL, 1),
(262, 'Oppo XA 87', NULL, '2023-07-19 18:27:14', 965715.00, NULL, NULL, 0, 0, 1, NULL, NULL, NULL, NULL, 2),
(263, 'Iphone xs Max87', NULL, '2023-07-19 18:27:14', 746096.00, NULL, NULL, 0, 0, 1, NULL, NULL, NULL, NULL, 3),
(264, 'Nokia Pro87', NULL, '2023-07-19 18:27:14', 411291.00, NULL, NULL, 0, 0, 1, NULL, NULL, NULL, NULL, 1),
(265, 'Oppo XA 88', NULL, '2023-07-19 18:27:14', 858671.00, NULL, NULL, 0, 0, 1, NULL, NULL, NULL, NULL, 2),
(266, 'Iphone xs Max88', NULL, '2023-07-19 18:27:14', 790723.00, NULL, NULL, 0, 0, 1, NULL, NULL, NULL, NULL, 3),
(267, 'Nokia Pro88', NULL, '2023-07-19 18:27:14', 459948.00, NULL, NULL, 0, 0, 1, NULL, NULL, NULL, NULL, 1),
(268, 'Oppo XA 89', NULL, '2023-07-19 18:27:14', 843836.00, NULL, NULL, 0, 0, 1, NULL, NULL, NULL, NULL, 2),
(269, 'Iphone xs Max89', NULL, '2023-07-19 18:27:14', 652036.00, NULL, NULL, 0, 0, 1, NULL, NULL, NULL, NULL, 3),
(270, 'Nokia Pro89', NULL, '2023-07-19 18:27:14', 292609.00, NULL, NULL, 0, 0, 1, NULL, NULL, NULL, NULL, 1),
(271, 'Oppo XA 90', NULL, '2023-07-19 18:27:14', 738262.00, NULL, NULL, 0, 0, 1, NULL, NULL, NULL, NULL, 2),
(272, 'Iphone xs Max90', NULL, '2023-07-19 18:27:14', 744575.00, NULL, NULL, 0, 0, 1, NULL, NULL, NULL, NULL, 3),
(273, 'Nokia Pro90', NULL, '2023-07-19 18:27:14', 351307.00, NULL, NULL, 0, 0, 1, NULL, NULL, NULL, NULL, 1),
(274, 'Oppo XA 91', NULL, '2023-07-19 18:27:14', 736608.00, NULL, NULL, 0, 0, 1, NULL, NULL, NULL, NULL, 2),
(275, 'Iphone xs Max91', NULL, '2023-07-19 18:27:14', 683247.00, NULL, NULL, 0, 0, 1, NULL, NULL, NULL, NULL, 3),
(276, 'Nokia Pro91', NULL, '2023-07-19 18:27:14', 264698.00, NULL, NULL, 0, 0, 1, NULL, NULL, NULL, NULL, 1),
(277, 'Oppo XA 92', NULL, '2023-07-19 18:27:14', 879897.00, NULL, NULL, 0, 0, 1, NULL, NULL, NULL, NULL, 2),
(278, 'Iphone xs Max92', NULL, '2023-07-19 18:27:14', 730867.00, NULL, NULL, 0, 0, 1, NULL, NULL, NULL, NULL, 3),
(279, 'Nokia Pro92', NULL, '2023-07-19 18:27:14', 359551.00, NULL, NULL, 0, 0, 1, NULL, NULL, NULL, NULL, 1),
(280, 'Oppo XA 93', NULL, '2023-07-19 18:27:14', 788150.00, NULL, NULL, 0, 0, 1, NULL, NULL, NULL, NULL, 2),
(281, 'Iphone xs Max93', NULL, '2023-07-19 18:27:14', 593815.00, NULL, NULL, 0, 0, 1, NULL, NULL, NULL, NULL, 3),
(282, 'Nokia Pro93', NULL, '2023-07-19 18:27:14', 436482.00, NULL, NULL, 0, 0, 1, NULL, NULL, NULL, NULL, 1),
(283, 'Oppo XA 94', NULL, '2023-07-19 18:27:14', 937900.00, NULL, NULL, 0, 0, 1, NULL, NULL, NULL, NULL, 2),
(284, 'Iphone xs Max94', NULL, '2023-07-19 18:27:14', 734877.00, NULL, NULL, 0, 0, 1, NULL, NULL, NULL, NULL, 3),
(285, 'Nokia Pro94', NULL, '2023-07-19 18:27:14', 275358.00, NULL, NULL, 0, 0, 1, NULL, NULL, NULL, NULL, 1),
(286, 'Oppo XA 95', NULL, '2023-07-19 18:27:14', 968996.00, NULL, NULL, 0, 0, 1, NULL, NULL, NULL, NULL, 2),
(287, 'Iphone xs Max95', NULL, '2023-07-19 18:27:14', 536192.00, NULL, NULL, 0, 0, 1, NULL, NULL, NULL, NULL, 3),
(288, 'Nokia Pro95', NULL, '2023-07-19 18:27:14', 417856.00, NULL, NULL, 0, 0, 1, NULL, NULL, NULL, NULL, 1),
(289, 'Oppo XA 96', NULL, '2023-07-19 18:27:14', 802208.00, NULL, NULL, 0, 0, 1, NULL, NULL, NULL, NULL, 2),
(290, 'Iphone xs Max96', NULL, '2023-07-19 18:27:14', 791336.00, NULL, NULL, 0, 0, 1, NULL, NULL, NULL, NULL, 3),
(291, 'Nokia Pro96', NULL, '2023-07-19 18:27:14', 347134.00, NULL, NULL, 0, 0, 1, NULL, NULL, NULL, NULL, 1),
(292, 'Oppo XA 97', NULL, '2023-07-19 18:27:14', 919383.00, NULL, NULL, 0, 0, 1, NULL, NULL, NULL, NULL, 2),
(293, 'Iphone xs Max97', NULL, '2023-07-19 18:27:14', 725808.00, NULL, NULL, 0, 0, 1, NULL, NULL, NULL, NULL, 3),
(294, 'Nokia Pro97', NULL, '2023-07-19 18:27:14', 490697.00, NULL, NULL, 0, 0, 1, NULL, NULL, NULL, NULL, 1),
(295, 'Oppo XA 98', NULL, '2023-07-19 18:27:14', 959510.00, NULL, NULL, 0, 0, 1, NULL, NULL, NULL, NULL, 2),
(296, 'Iphone xs Max98', NULL, '2023-07-19 18:27:14', 775246.00, NULL, NULL, 0, 0, 1, NULL, NULL, NULL, NULL, 3),
(297, 'Nokia Pro98', NULL, '2023-07-19 18:27:14', 351948.00, NULL, NULL, 0, 0, 1, NULL, NULL, NULL, NULL, 1),
(298, 'Oppo XA 99', NULL, '2023-07-19 18:27:14', 712269.00, NULL, NULL, 0, 0, 1, NULL, NULL, NULL, NULL, 2),
(299, 'Iphone xs Max99', NULL, '2023-07-19 18:27:14', 743235.00, NULL, NULL, 0, 0, 1, NULL, NULL, NULL, NULL, 3),
(300, 'Nokia Pro99', NULL, '2023-07-19 18:27:14', 435801.00, NULL, NULL, 0, 0, 1, NULL, NULL, NULL, NULL, 1),
(301, 'Oppo XA 100', NULL, '2023-07-19 18:27:14', 865960.00, NULL, NULL, 0, 0, 1, NULL, NULL, NULL, NULL, 2),
(302, 'Iphone xs Max100', NULL, '2023-07-19 18:27:14', 653309.00, NULL, NULL, 0, 0, 1, NULL, NULL, NULL, NULL, 3),
(303, 'Nokia Pro100', NULL, '2023-07-19 18:27:14', 422085.00, NULL, NULL, 0, 0, 1, NULL, NULL, NULL, NULL, 1),
(304, 'Oppo XA 101', NULL, '2023-07-19 18:27:14', 890119.00, NULL, NULL, 0, 0, 1, NULL, NULL, NULL, NULL, 2),
(305, 'Iphone xs Max101', NULL, '2023-07-19 18:27:14', 745592.00, NULL, NULL, 0, 0, 1, NULL, NULL, NULL, NULL, 3),
(306, 'Nokia Pro101', NULL, '2023-07-19 18:27:14', 452965.00, NULL, NULL, 0, 0, 1, NULL, NULL, NULL, NULL, 1),
(307, 'Oppo XA 102', NULL, '2023-07-19 18:27:14', 843410.00, NULL, NULL, 0, 0, 1, NULL, NULL, NULL, NULL, 2),
(308, 'Iphone xs Max102', NULL, '2023-07-19 18:27:14', 667705.00, NULL, NULL, 0, 0, 1, NULL, NULL, NULL, NULL, 3),
(309, 'Nokia Pro102', NULL, '2023-07-19 18:27:14', 365008.00, NULL, NULL, 0, 0, 1, NULL, NULL, NULL, NULL, 1),
(310, 'Oppo XA 103', NULL, '2023-07-19 18:27:14', 990466.00, NULL, NULL, 0, 0, 1, NULL, NULL, NULL, NULL, 2),
(311, 'Iphone xs Max103', NULL, '2023-07-19 18:27:14', 680421.00, NULL, NULL, 0, 0, 1, NULL, NULL, NULL, NULL, 3),
(312, 'Nokia Pro103', NULL, '2023-07-19 18:27:14', 472253.00, NULL, NULL, 0, 0, 1, NULL, NULL, NULL, NULL, 1),
(313, 'Oppo XA 104', NULL, '2023-07-19 18:27:14', 732270.00, NULL, NULL, 0, 0, 1, NULL, NULL, NULL, NULL, 2),
(314, 'Iphone xs Max104', NULL, '2023-07-19 18:27:14', 660271.00, NULL, NULL, 0, 0, 1, NULL, NULL, NULL, NULL, 3),
(315, 'Nokia Pro104', NULL, '2023-07-19 18:27:14', 347906.00, NULL, NULL, 0, 0, 1, NULL, NULL, NULL, NULL, 1),
(316, 'Oppo XA 105', NULL, '2023-07-19 18:27:14', 950632.00, NULL, NULL, 0, 0, 1, NULL, NULL, NULL, NULL, 2),
(317, 'Iphone xs Max105', NULL, '2023-07-19 18:27:14', 614964.00, NULL, NULL, 0, 0, 1, NULL, NULL, NULL, NULL, 3),
(318, 'Nokia Pro105', NULL, '2023-07-19 18:27:14', 335375.00, NULL, NULL, 0, 0, 1, NULL, NULL, NULL, NULL, 1),
(319, 'Oppo XA 106', NULL, '2023-07-19 18:27:14', 904274.00, NULL, NULL, 0, 0, 1, NULL, NULL, NULL, NULL, 2),
(320, 'Iphone xs Max106', NULL, '2023-07-19 18:27:14', 541278.00, NULL, NULL, 0, 0, 1, NULL, NULL, NULL, NULL, 3),
(321, 'Nokia Pro106', NULL, '2023-07-19 18:27:14', 492438.00, NULL, NULL, 0, 0, 1, NULL, NULL, NULL, NULL, 1),
(322, 'Oppo XA 107', NULL, '2023-07-19 18:27:14', 737541.00, NULL, NULL, 0, 0, 1, NULL, NULL, NULL, NULL, 2),
(323, 'Iphone xs Max107', NULL, '2023-07-19 18:27:14', 766475.00, NULL, NULL, 0, 0, 1, NULL, NULL, NULL, NULL, 3),
(324, 'Nokia Pro107', NULL, '2023-07-19 18:27:14', 344392.00, NULL, NULL, 0, 0, 1, NULL, NULL, NULL, NULL, 1),
(325, 'Oppo XA 108', NULL, '2023-07-19 18:27:14', 733979.00, NULL, NULL, 0, 0, 1, NULL, NULL, NULL, NULL, 2),
(326, 'Iphone xs Max108', NULL, '2023-07-19 18:27:14', 563508.00, NULL, NULL, 0, 0, 1, NULL, NULL, NULL, NULL, 3),
(327, 'Nokia Pro108', NULL, '2023-07-19 18:27:14', 346135.00, NULL, NULL, 0, 0, 1, NULL, NULL, NULL, NULL, 1),
(328, 'Oppo XA 109', NULL, '2023-07-19 18:27:14', 755415.00, NULL, NULL, 0, 0, 1, NULL, NULL, NULL, NULL, 2),
(329, 'Iphone xs Max109', NULL, '2023-07-19 18:27:14', 648451.00, NULL, NULL, 0, 0, 1, NULL, NULL, NULL, NULL, 3),
(330, 'Nokia Pro109', NULL, '2023-07-19 18:27:14', 341868.00, NULL, NULL, 0, 0, 1, NULL, NULL, NULL, NULL, 1),
(331, 'Oppo XA 110', NULL, '2023-07-19 18:27:14', 848934.00, NULL, NULL, 0, 0, 1, NULL, NULL, NULL, NULL, 2),
(332, 'Iphone xs Max110', NULL, '2023-07-19 18:27:14', 716308.00, NULL, NULL, 0, 0, 1, NULL, NULL, NULL, NULL, 3),
(333, 'Nokia Pro110', NULL, '2023-07-19 18:27:14', 451815.00, NULL, NULL, 0, 0, 1, NULL, NULL, NULL, NULL, 1),
(334, 'Oppo XA 111', NULL, '2023-07-19 18:27:14', 759538.00, NULL, NULL, 0, 0, 1, NULL, NULL, NULL, NULL, 2),
(335, 'Iphone xs Max111', NULL, '2023-07-19 18:27:14', 593303.00, NULL, NULL, 0, 0, 1, NULL, NULL, NULL, NULL, 3),
(336, 'Nokia Pro111', NULL, '2023-07-19 18:27:14', 365951.00, NULL, NULL, 0, 0, 1, NULL, NULL, NULL, NULL, 1),
(337, 'Oppo XA 112', NULL, '2023-07-19 18:27:14', 783494.00, NULL, NULL, 0, 0, 1, NULL, NULL, NULL, NULL, 2),
(338, 'Iphone xs Max112', NULL, '2023-07-19 18:27:14', 748120.00, NULL, NULL, 0, 0, 1, NULL, NULL, NULL, NULL, 3),
(339, 'Nokia Pro112', NULL, '2023-07-19 18:27:14', 395877.00, NULL, NULL, 0, 0, 1, NULL, NULL, NULL, NULL, 1),
(340, 'Oppo XA 113', NULL, '2023-07-19 18:27:14', 764635.00, NULL, NULL, 0, 0, 1, NULL, NULL, NULL, NULL, 2),
(341, 'Iphone xs Max113', NULL, '2023-07-19 18:27:14', 616529.00, NULL, NULL, 0, 0, 1, NULL, NULL, NULL, NULL, 3),
(342, 'Nokia Pro113', NULL, '2023-07-19 18:27:14', 309469.00, NULL, NULL, 0, 0, 1, NULL, NULL, NULL, NULL, 1),
(343, 'Oppo XA 114', NULL, '2023-07-19 18:27:14', 832138.00, NULL, NULL, 0, 0, 1, NULL, NULL, NULL, NULL, 2),
(344, 'Iphone xs Max114', NULL, '2023-07-19 18:27:14', 755551.00, NULL, NULL, 0, 0, 1, NULL, NULL, NULL, NULL, 3),
(345, 'Nokia Pro114', NULL, '2023-07-19 18:27:14', 255482.00, NULL, NULL, 0, 0, 1, NULL, NULL, NULL, NULL, 1),
(346, 'Oppo XA 115', NULL, '2023-07-19 18:27:14', 747509.00, NULL, NULL, 0, 0, 1, NULL, NULL, NULL, NULL, 2),
(347, 'Iphone xs Max115', NULL, '2023-07-19 18:27:14', 517524.00, NULL, NULL, 0, 0, 1, NULL, NULL, NULL, NULL, 3),
(348, 'Nokia Pro115', NULL, '2023-07-19 18:27:14', 451157.00, NULL, NULL, 0, 0, 1, NULL, NULL, NULL, NULL, 1),
(349, 'Oppo XA 116', NULL, '2023-07-19 18:27:14', 716246.00, NULL, NULL, 0, 0, 1, NULL, NULL, NULL, NULL, 2),
(350, 'Iphone xs Max116', NULL, '2023-07-19 18:27:14', 661007.00, NULL, NULL, 0, 0, 1, NULL, NULL, NULL, NULL, 3),
(351, 'Nokia Pro116', NULL, '2023-07-19 18:27:14', 442419.00, NULL, NULL, 0, 0, 1, NULL, NULL, NULL, NULL, 1),
(352, 'Oppo XA 117', NULL, '2023-07-19 18:27:14', 839832.00, NULL, NULL, 0, 0, 1, NULL, NULL, NULL, NULL, 2),
(353, 'Iphone xs Max117', NULL, '2023-07-19 18:27:14', 724198.00, NULL, NULL, 0, 0, 1, NULL, NULL, NULL, NULL, 3),
(354, 'Nokia Pro117', NULL, '2023-07-19 18:27:14', 356479.00, NULL, NULL, 0, 0, 1, NULL, NULL, NULL, NULL, 1),
(355, 'Oppo XA 118', NULL, '2023-07-19 18:27:14', 746866.00, NULL, NULL, 0, 0, 1, NULL, NULL, NULL, NULL, 2),
(356, 'Iphone xs Max118', NULL, '2023-07-19 18:27:14', 520110.00, NULL, NULL, 0, 0, 1, NULL, NULL, NULL, NULL, 3),
(357, 'Nokia Pro118', NULL, '2023-07-19 18:27:14', 343455.00, NULL, NULL, 0, 0, 1, NULL, NULL, NULL, NULL, 1),
(358, 'Oppo XA 119', NULL, '2023-07-19 18:27:14', 786047.00, NULL, NULL, 0, 0, 1, NULL, NULL, NULL, NULL, 2),
(359, 'Iphone xs Max119', NULL, '2023-07-19 18:27:14', 612850.00, NULL, NULL, 0, 0, 1, NULL, NULL, NULL, NULL, 3),
(360, 'Nokia Pro119', NULL, '2023-07-19 18:27:14', 287444.00, NULL, NULL, 0, 0, 1, NULL, NULL, NULL, NULL, 1),
(361, 'Oppo XA 120', NULL, '2023-07-19 18:27:14', 915379.00, NULL, NULL, 0, 0, 1, NULL, NULL, NULL, NULL, 2),
(362, 'Iphone xs Max120', NULL, '2023-07-19 18:27:14', 530547.00, NULL, NULL, 0, 0, 1, NULL, NULL, NULL, NULL, 3),
(363, 'Nokia Pro120', NULL, '2023-07-19 18:27:14', 466981.00, NULL, NULL, 0, 0, 1, NULL, NULL, NULL, NULL, 1),
(364, 'Oppo XA 121', NULL, '2023-07-19 18:27:14', 879618.00, NULL, NULL, 0, 0, 1, NULL, NULL, NULL, NULL, 2),
(365, 'Iphone xs Max121', NULL, '2023-07-19 18:27:14', 740039.00, NULL, NULL, 0, 0, 1, NULL, NULL, NULL, NULL, 3),
(366, 'Nokia Pro121', NULL, '2023-07-19 18:27:14', 307628.00, NULL, NULL, 0, 0, 1, NULL, NULL, NULL, NULL, 1),
(367, 'Oppo XA 122', NULL, '2023-07-19 18:27:14', 792144.00, NULL, NULL, 0, 0, 1, NULL, NULL, NULL, NULL, 2),
(368, 'Iphone xs Max122', NULL, '2023-07-19 18:27:14', 504369.00, NULL, NULL, 0, 0, 1, NULL, NULL, NULL, NULL, 3),
(369, 'Nokia Pro122', NULL, '2023-07-19 18:27:14', 283625.00, NULL, NULL, 0, 0, 1, NULL, NULL, NULL, NULL, 1),
(370, 'Oppo XA 123', NULL, '2023-07-19 18:27:14', 878154.00, NULL, NULL, 0, 0, 1, NULL, NULL, NULL, NULL, 2),
(371, 'Iphone xs Max123', NULL, '2023-07-19 18:27:14', 742098.00, NULL, NULL, 0, 0, 1, NULL, NULL, NULL, NULL, 3),
(372, 'Nokia Pro123', NULL, '2023-07-19 18:27:14', 284796.00, NULL, NULL, 0, 0, 1, NULL, NULL, NULL, NULL, 1),
(373, 'Oppo XA 124', NULL, '2023-07-19 18:27:14', 786319.00, NULL, NULL, 0, 0, 1, NULL, NULL, NULL, NULL, 2),
(374, 'Iphone xs Max124', NULL, '2023-07-19 18:27:14', 590228.00, NULL, NULL, 0, 0, 1, NULL, NULL, NULL, NULL, 3),
(375, 'Nokia Pro124', NULL, '2023-07-19 18:27:14', 313414.00, NULL, NULL, 0, 0, 1, NULL, NULL, NULL, NULL, 1),
(376, 'Oppo XA 125', NULL, '2023-07-19 18:27:14', 981375.00, NULL, NULL, 0, 0, 1, NULL, NULL, NULL, NULL, 2),
(377, 'Iphone xs Max125', NULL, '2023-07-19 18:27:14', 532699.00, NULL, NULL, 0, 0, 1, NULL, NULL, NULL, NULL, 3),
(378, 'Nokia Pro125', NULL, '2023-07-19 18:27:14', 430446.00, NULL, NULL, 0, 0, 1, NULL, NULL, NULL, NULL, 1),
(379, 'Oppo XA 126', NULL, '2023-07-19 18:27:14', 929588.00, NULL, NULL, 0, 0, 1, NULL, NULL, NULL, NULL, 2),
(380, 'Iphone xs Max126', NULL, '2023-07-19 18:27:14', 630700.00, NULL, NULL, 0, 0, 1, NULL, NULL, NULL, NULL, 3),
(381, 'Nokia Pro126', NULL, '2023-07-19 18:27:14', 267206.00, NULL, NULL, 0, 0, 1, NULL, NULL, NULL, NULL, 1),
(382, 'Oppo XA 127', NULL, '2023-07-19 18:27:14', 837532.00, NULL, NULL, 0, 0, 1, NULL, NULL, NULL, NULL, 2),
(383, 'Iphone xs Max127', NULL, '2023-07-19 18:27:14', 569299.00, NULL, NULL, 0, 0, 1, NULL, NULL, NULL, NULL, 3),
(384, 'Nokia Pro127', NULL, '2023-07-19 18:27:14', 328549.00, NULL, NULL, 0, 0, 1, NULL, NULL, NULL, NULL, 1),
(385, 'Oppo XA 128', NULL, '2023-07-19 18:27:14', 742228.00, NULL, NULL, 0, 0, 1, NULL, NULL, NULL, NULL, 2),
(386, 'Iphone xs Max128', NULL, '2023-07-19 18:27:14', 793581.00, NULL, NULL, 0, 0, 1, NULL, NULL, NULL, NULL, 3),
(387, 'Nokia Pro128', NULL, '2023-07-19 18:27:14', 375220.00, NULL, NULL, 0, 0, 1, NULL, NULL, NULL, NULL, 1),
(388, 'Oppo XA 129', NULL, '2023-07-19 18:27:14', 748951.00, NULL, NULL, 0, 0, 1, NULL, NULL, NULL, NULL, 2),
(389, 'Iphone xs Max129', NULL, '2023-07-19 18:27:14', 581988.00, NULL, NULL, 0, 0, 1, NULL, NULL, NULL, NULL, 3),
(390, 'Nokia Pro129', NULL, '2023-07-19 18:27:14', 352109.00, NULL, NULL, 0, 0, 1, NULL, NULL, NULL, NULL, 1),
(391, 'Oppo XA 130', NULL, '2023-07-19 18:27:14', 872057.00, NULL, NULL, 0, 0, 1, NULL, NULL, NULL, NULL, 2),
(392, 'Iphone xs Max130', NULL, '2023-07-19 18:27:14', 571377.00, NULL, NULL, 0, 0, 1, NULL, NULL, NULL, NULL, 3),
(393, 'Nokia Pro130', NULL, '2023-07-19 18:27:14', 334045.00, NULL, NULL, 0, 0, 1, NULL, NULL, NULL, NULL, 1),
(394, 'Oppo XA 131', NULL, '2023-07-19 18:27:14', 808134.00, NULL, NULL, 0, 0, 1, NULL, NULL, NULL, NULL, 2),
(395, 'Iphone xs Max131', NULL, '2023-07-19 18:27:14', 754675.00, NULL, NULL, 0, 0, 1, NULL, NULL, NULL, NULL, 3),
(396, 'Nokia Pro131', NULL, '2023-07-19 18:27:14', 405214.00, NULL, NULL, 0, 0, 1, NULL, NULL, NULL, NULL, 1),
(397, 'Oppo XA 132', NULL, '2023-07-19 18:27:14', 990172.00, NULL, NULL, 0, 0, 1, NULL, NULL, NULL, NULL, 2),
(398, 'Iphone xs Max132', NULL, '2023-07-19 18:27:14', 516351.00, NULL, NULL, 0, 0, 1, NULL, NULL, NULL, NULL, 3),
(399, 'Nokia Pro132', NULL, '2023-07-19 18:27:14', 331015.00, NULL, NULL, 0, 0, 1, NULL, NULL, NULL, NULL, 1),
(400, 'Oppo XA 133', NULL, '2023-07-19 18:27:14', 784591.00, NULL, NULL, 0, 0, 1, NULL, NULL, NULL, NULL, 2),
(401, 'Iphone xs Max133', NULL, '2023-07-19 18:27:14', 584191.00, NULL, NULL, 0, 0, 1, NULL, NULL, NULL, NULL, 3),
(402, 'Nokia Pro133', NULL, '2023-07-19 18:27:14', 326708.00, NULL, NULL, 0, 0, 1, NULL, NULL, NULL, NULL, 1),
(403, 'Oppo XA 134', NULL, '2023-07-19 18:27:14', 702199.00, NULL, NULL, 0, 0, 1, NULL, NULL, NULL, NULL, 2),
(404, 'Iphone xs Max134', NULL, '2023-07-19 18:27:14', 787526.00, NULL, NULL, 0, 0, 1, NULL, NULL, NULL, NULL, 3),
(405, 'Nokia Pro134', NULL, '2023-07-19 18:27:14', 441806.00, NULL, NULL, 0, 0, 1, NULL, NULL, NULL, NULL, 1),
(406, 'Oppo XA 135', NULL, '2023-07-19 18:27:14', 704442.00, NULL, NULL, 0, 0, 1, NULL, NULL, NULL, NULL, 2),
(407, 'Iphone xs Max135', NULL, '2023-07-19 18:27:14', 612120.00, NULL, NULL, 0, 0, 1, NULL, NULL, NULL, NULL, 3),
(408, 'Nokia Pro135', NULL, '2023-07-19 18:27:14', 262401.00, NULL, NULL, 0, 0, 1, NULL, NULL, NULL, NULL, 1),
(409, 'Oppo XA 136', NULL, '2023-07-19 18:27:14', 853054.00, NULL, NULL, 0, 0, 1, NULL, NULL, NULL, NULL, 2),
(410, 'Iphone xs Max136', NULL, '2023-07-19 18:27:14', 567585.00, NULL, NULL, 0, 0, 1, NULL, NULL, NULL, NULL, 3),
(411, 'Nokia Pro136', NULL, '2023-07-19 18:27:14', 486066.00, NULL, NULL, 0, 0, 1, NULL, NULL, NULL, NULL, 1),
(412, 'Oppo XA 137', NULL, '2023-07-19 18:27:14', 769559.00, NULL, NULL, 0, 0, 1, NULL, NULL, NULL, NULL, 2),
(413, 'Iphone xs Max137', NULL, '2023-07-19 18:27:14', 586375.00, NULL, NULL, 0, 0, 1, NULL, NULL, NULL, NULL, 3),
(414, 'Nokia Pro137', NULL, '2023-07-19 18:27:14', 291257.00, NULL, NULL, 0, 0, 1, NULL, NULL, NULL, NULL, 1),
(415, 'Oppo XA 138', NULL, '2023-07-19 18:27:14', 809317.00, NULL, NULL, 0, 0, 1, NULL, NULL, NULL, NULL, 2),
(416, 'Iphone xs Max138', NULL, '2023-07-19 18:27:14', 528214.00, NULL, NULL, 0, 0, 1, NULL, NULL, NULL, NULL, 3),
(417, 'Nokia Pro138', NULL, '2023-07-19 18:27:14', 406855.00, NULL, NULL, 0, 0, 1, NULL, NULL, NULL, NULL, 1),
(418, 'Oppo XA 139', NULL, '2023-07-19 18:27:14', 731269.00, NULL, NULL, 0, 0, 1, NULL, NULL, NULL, NULL, 2),
(419, 'Iphone xs Max139', NULL, '2023-07-19 18:27:14', 585399.00, NULL, NULL, 0, 0, 1, NULL, NULL, NULL, NULL, 3),
(420, 'Nokia Pro139', NULL, '2023-07-19 18:27:14', 468561.00, NULL, NULL, 0, 0, 1, NULL, NULL, NULL, NULL, 1),
(421, 'Oppo XA 140', NULL, '2023-07-19 18:27:14', 983806.00, NULL, NULL, 0, 0, 1, NULL, NULL, NULL, NULL, 2),
(422, 'Iphone xs Max140', NULL, '2023-07-19 18:27:14', 519048.00, NULL, NULL, 0, 0, 1, NULL, NULL, NULL, NULL, 3),
(423, 'Nokia Pro140', NULL, '2023-07-19 18:27:14', 253023.00, NULL, NULL, 0, 0, 1, NULL, NULL, NULL, NULL, 1),
(424, 'Oppo XA 141', NULL, '2023-07-19 18:27:14', 967670.00, NULL, NULL, 0, 0, 1, NULL, NULL, NULL, NULL, 2),
(425, 'Iphone xs Max141', NULL, '2023-07-19 18:27:14', 657214.00, NULL, NULL, 0, 0, 1, NULL, NULL, NULL, NULL, 3),
(426, 'Nokia Pro141', NULL, '2023-07-19 18:27:14', 386296.00, NULL, NULL, 0, 0, 1, NULL, NULL, NULL, NULL, 1),
(427, 'Oppo XA 142', NULL, '2023-07-19 18:27:14', 944958.00, NULL, NULL, 0, 0, 1, NULL, NULL, NULL, NULL, 2),
(428, 'Iphone xs Max142', NULL, '2023-07-19 18:27:14', 787618.00, NULL, NULL, 0, 0, 1, NULL, NULL, NULL, NULL, 3),
(429, 'Nokia Pro142', NULL, '2023-07-19 18:27:14', 497398.00, NULL, NULL, 0, 0, 1, NULL, NULL, NULL, NULL, 1),
(430, 'Oppo XA 143', NULL, '2023-07-19 18:27:14', 877606.00, NULL, NULL, 0, 0, 1, NULL, NULL, NULL, NULL, 2),
(431, 'Iphone xs Max143', NULL, '2023-07-19 18:27:14', 558364.00, NULL, NULL, 0, 0, 1, NULL, NULL, NULL, NULL, 3),
(432, 'Nokia Pro143', NULL, '2023-07-19 18:27:14', 295246.00, NULL, NULL, 0, 0, 1, NULL, NULL, NULL, NULL, 1),
(433, 'Oppo XA 144', NULL, '2023-07-19 18:27:14', 905674.00, NULL, NULL, 0, 0, 1, NULL, NULL, NULL, NULL, 2),
(434, 'Iphone xs Max144', NULL, '2023-07-19 18:27:14', 646094.00, NULL, NULL, 0, 0, 1, NULL, NULL, NULL, NULL, 3),
(435, 'Nokia Pro144', NULL, '2023-07-19 18:27:14', 362497.00, NULL, NULL, 0, 0, 1, NULL, NULL, NULL, NULL, 1),
(436, 'Oppo XA 145', NULL, '2023-07-19 18:27:14', 952017.00, NULL, NULL, 0, 0, 1, NULL, NULL, NULL, NULL, 2),
(437, 'Iphone xs Max145', NULL, '2023-07-19 18:27:14', 732416.00, NULL, NULL, 0, 0, 1, NULL, NULL, NULL, NULL, 3),
(438, 'Nokia Pro145', NULL, '2023-07-19 18:27:14', 301502.00, NULL, NULL, 0, 0, 1, NULL, NULL, NULL, NULL, 1),
(439, 'Oppo XA 146', NULL, '2023-07-19 18:27:14', 966958.00, NULL, NULL, 0, 0, 1, NULL, NULL, NULL, NULL, 2),
(440, 'Iphone xs Max146', NULL, '2023-07-19 18:27:14', 753917.00, NULL, NULL, 0, 0, 1, NULL, NULL, NULL, NULL, 3),
(441, 'Nokia Pro146', NULL, '2023-07-19 18:27:14', 374634.00, NULL, NULL, 0, 0, 1, NULL, NULL, NULL, NULL, 1),
(442, 'Oppo XA 147', NULL, '2023-07-19 18:27:14', 797920.00, NULL, NULL, 0, 0, 1, NULL, NULL, NULL, NULL, 2),
(443, 'Iphone xs Max147', NULL, '2023-07-19 18:27:14', 597259.00, NULL, NULL, 0, 0, 1, NULL, NULL, NULL, NULL, 3),
(444, 'Nokia Pro147', NULL, '2023-07-19 18:27:14', 363556.00, NULL, NULL, 0, 0, 1, NULL, NULL, NULL, NULL, 1),
(445, 'Oppo XA 148', NULL, '2023-07-19 18:27:14', 948777.00, NULL, NULL, 0, 0, 1, NULL, NULL, NULL, NULL, 2),
(446, 'Iphone xs Max148', NULL, '2023-07-19 18:27:14', 667601.00, NULL, NULL, 0, 0, 1, NULL, NULL, NULL, NULL, 3),
(447, 'Nokia Pro148', NULL, '2023-07-19 18:27:14', 399166.00, NULL, NULL, 0, 0, 1, NULL, NULL, NULL, NULL, 1),
(448, 'Oppo XA 149', NULL, '2023-07-19 18:27:14', 776922.00, NULL, NULL, 0, 0, 1, NULL, NULL, NULL, NULL, 2),
(449, 'Iphone xs Max149', NULL, '2023-07-19 18:27:14', 512742.00, NULL, NULL, 0, 0, 1, NULL, NULL, NULL, NULL, 3),
(450, 'Nokia Pro149', NULL, '2023-07-19 18:27:14', 466858.00, NULL, NULL, 0, 0, 1, NULL, NULL, NULL, NULL, 1),
(451, 'Oppo XA 150', NULL, '2023-07-19 18:27:14', 969897.00, NULL, NULL, 0, 0, 1, NULL, NULL, NULL, NULL, 2),
(452, 'Iphone xs Max150', NULL, '2023-07-19 18:27:14', 521532.00, NULL, NULL, 0, 0, 1, NULL, NULL, NULL, NULL, 3),
(453, 'Nokia Pro150', NULL, '2023-07-19 18:27:14', 342869.00, NULL, NULL, 0, 0, 1, NULL, NULL, NULL, NULL, 1),
(454, 'Oppo XA 151', NULL, '2023-07-19 18:27:14', 744098.00, NULL, NULL, 0, 0, 1, NULL, NULL, NULL, NULL, 2),
(455, 'Iphone xs Max151', NULL, '2023-07-19 18:27:14', 552553.00, NULL, NULL, 0, 0, 1, NULL, NULL, NULL, NULL, 3),
(456, 'Nokia Pro151', NULL, '2023-07-19 18:27:14', 254841.00, NULL, NULL, 0, 0, 1, NULL, NULL, NULL, NULL, 1);
INSERT INTO `dienthoai` (`id`, `tenDT`, `moTa`, `ngayCapNhat`, `gia`, `giaKM`, `urlHinh`, `soLuongTonKho`, `hot`, `anHien`, `created_at`, `updated_at`, `baiViet`, `ghiChu`, `idLoai`) VALUES
(457, 'Oppo XA 152', NULL, '2023-07-19 18:27:14', 807884.00, NULL, NULL, 0, 0, 1, NULL, NULL, NULL, NULL, 2),
(458, 'Iphone xs Max152', NULL, '2023-07-19 18:27:14', 509012.00, NULL, NULL, 0, 0, 1, NULL, NULL, NULL, NULL, 3),
(459, 'Nokia Pro152', NULL, '2023-07-19 18:27:14', 430153.00, NULL, NULL, 0, 0, 1, NULL, NULL, NULL, NULL, 1),
(460, 'Oppo XA 153', NULL, '2023-07-19 18:27:14', 983949.00, NULL, NULL, 0, 0, 1, NULL, NULL, NULL, NULL, 2),
(461, 'Iphone xs Max153', NULL, '2023-07-19 18:27:14', 625305.00, NULL, NULL, 0, 0, 1, NULL, NULL, NULL, NULL, 3),
(462, 'Nokia Pro153', NULL, '2023-07-19 18:27:14', 359966.00, NULL, NULL, 0, 0, 1, NULL, NULL, NULL, NULL, 1),
(463, 'Oppo XA 154', NULL, '2023-07-19 18:27:14', 920868.00, NULL, NULL, 0, 0, 1, NULL, NULL, NULL, NULL, 2),
(464, 'Iphone xs Max154', NULL, '2023-07-19 18:27:14', 719404.00, NULL, NULL, 0, 0, 1, NULL, NULL, NULL, NULL, 3),
(465, 'Nokia Pro154', NULL, '2023-07-19 18:27:14', 265046.00, NULL, NULL, 0, 0, 1, NULL, NULL, NULL, NULL, 1),
(466, 'Oppo XA 155', NULL, '2023-07-19 18:27:14', 782163.00, NULL, NULL, 0, 0, 1, NULL, NULL, NULL, NULL, 2),
(467, 'Iphone xs Max155', NULL, '2023-07-19 18:27:14', 735502.00, NULL, NULL, 0, 0, 1, NULL, NULL, NULL, NULL, 3),
(468, 'Nokia Pro155', NULL, '2023-07-19 18:27:14', 453854.00, NULL, NULL, 0, 0, 1, NULL, NULL, NULL, NULL, 1),
(469, 'Oppo XA 156', NULL, '2023-07-19 18:27:14', 710915.00, NULL, NULL, 0, 0, 1, NULL, NULL, NULL, NULL, 2),
(470, 'Iphone xs Max156', NULL, '2023-07-19 18:27:14', 511109.00, NULL, NULL, 0, 0, 1, NULL, NULL, NULL, NULL, 3),
(471, 'Nokia Pro156', NULL, '2023-07-19 18:27:14', 421820.00, NULL, NULL, 0, 0, 1, NULL, NULL, NULL, NULL, 1),
(472, 'Oppo XA 157', NULL, '2023-07-19 18:27:14', 898770.00, NULL, NULL, 0, 0, 1, NULL, NULL, NULL, NULL, 2),
(473, 'Iphone xs Max157', NULL, '2023-07-19 18:27:14', 670093.00, NULL, NULL, 0, 0, 1, NULL, NULL, NULL, NULL, 3),
(474, 'Nokia Pro157', NULL, '2023-07-19 18:27:14', 386559.00, NULL, NULL, 0, 0, 1, NULL, NULL, NULL, NULL, 1),
(475, 'Oppo XA 158', NULL, '2023-07-19 18:27:14', 900789.00, NULL, NULL, 0, 0, 1, NULL, NULL, NULL, NULL, 2),
(476, 'Iphone xs Max158', NULL, '2023-07-19 18:27:14', 526611.00, NULL, NULL, 0, 0, 1, NULL, NULL, NULL, NULL, 3),
(477, 'Nokia Pro158', NULL, '2023-07-19 18:27:14', 374666.00, NULL, NULL, 0, 0, 1, NULL, NULL, NULL, NULL, 1),
(478, 'Oppo XA 159', NULL, '2023-07-19 18:27:14', 763133.00, NULL, NULL, 0, 0, 1, NULL, NULL, NULL, NULL, 2),
(479, 'Iphone xs Max159', NULL, '2023-07-19 18:27:14', 603182.00, NULL, NULL, 0, 0, 1, NULL, NULL, NULL, NULL, 3),
(480, 'Nokia Pro159', NULL, '2023-07-19 18:27:14', 486633.00, NULL, NULL, 0, 0, 1, NULL, NULL, NULL, NULL, 1),
(481, 'Oppo XA 160', NULL, '2023-07-19 18:27:14', 842459.00, NULL, NULL, 0, 0, 1, NULL, NULL, NULL, NULL, 2),
(482, 'Iphone xs Max160', NULL, '2023-07-19 18:27:14', 503800.00, NULL, NULL, 0, 0, 1, NULL, NULL, NULL, NULL, 3),
(483, 'Nokia Pro160', NULL, '2023-07-19 18:27:14', 333810.00, NULL, NULL, 0, 0, 1, NULL, NULL, NULL, NULL, 1),
(484, 'Oppo XA 161', NULL, '2023-07-19 18:27:14', 934530.00, NULL, NULL, 0, 0, 1, NULL, NULL, NULL, NULL, 2),
(485, 'Iphone xs Max161', NULL, '2023-07-19 18:27:14', 754457.00, NULL, NULL, 0, 0, 1, NULL, NULL, NULL, NULL, 3),
(486, 'Nokia Pro161', NULL, '2023-07-19 18:27:14', 488559.00, NULL, NULL, 0, 0, 1, NULL, NULL, NULL, NULL, 1),
(487, 'Oppo XA 162', NULL, '2023-07-19 18:27:14', 731849.00, NULL, NULL, 0, 0, 1, NULL, NULL, NULL, NULL, 2),
(488, 'Iphone xs Max162', NULL, '2023-07-19 18:27:14', 699688.00, NULL, NULL, 0, 0, 1, NULL, NULL, NULL, NULL, 3),
(489, 'Nokia Pro162', NULL, '2023-07-19 18:27:14', 315368.00, NULL, NULL, 0, 0, 1, NULL, NULL, NULL, NULL, 1),
(490, 'Oppo XA 163', NULL, '2023-07-19 18:27:14', 764733.00, NULL, NULL, 0, 0, 1, NULL, NULL, NULL, NULL, 2),
(491, 'Iphone xs Max163', NULL, '2023-07-19 18:27:14', 626326.00, NULL, NULL, 0, 0, 1, NULL, NULL, NULL, NULL, 3),
(492, 'Nokia Pro163', NULL, '2023-07-19 18:27:14', 275677.00, NULL, NULL, 0, 0, 1, NULL, NULL, NULL, NULL, 1),
(493, 'Oppo XA 164', NULL, '2023-07-19 18:27:14', 858256.00, NULL, NULL, 0, 0, 1, NULL, NULL, NULL, NULL, 2),
(494, 'Iphone xs Max164', NULL, '2023-07-19 18:27:14', 564737.00, NULL, NULL, 0, 0, 1, NULL, NULL, NULL, NULL, 3),
(495, 'Nokia Pro164', NULL, '2023-07-19 18:27:14', 414097.00, NULL, NULL, 0, 0, 1, NULL, NULL, NULL, NULL, 1),
(496, 'Oppo XA 165', NULL, '2023-07-19 18:27:14', 967998.00, NULL, NULL, 0, 0, 1, NULL, NULL, NULL, NULL, 2),
(497, 'Iphone xs Max165', NULL, '2023-07-19 18:27:14', 536989.00, NULL, NULL, 0, 0, 1, NULL, NULL, NULL, NULL, 3),
(498, 'Nokia Pro165', NULL, '2023-07-19 18:27:14', 396128.00, NULL, NULL, 0, 0, 1, NULL, NULL, NULL, NULL, 1),
(499, 'Oppo XA 166', NULL, '2023-07-19 18:27:14', 792588.00, NULL, NULL, 0, 0, 1, NULL, NULL, NULL, NULL, 2),
(500, 'Iphone xs Max166', NULL, '2023-07-19 18:27:14', 784040.00, NULL, NULL, 0, 0, 1, NULL, NULL, NULL, NULL, 3),
(501, 'Nokia Pro166', NULL, '2023-07-19 18:27:14', 355489.00, NULL, NULL, 0, 0, 1, NULL, NULL, NULL, NULL, 1),
(502, 'Oppo XA 167', NULL, '2023-07-19 18:27:14', 712826.00, NULL, NULL, 0, 0, 1, NULL, NULL, NULL, NULL, 2),
(503, 'Iphone xs Max167', NULL, '2023-07-19 18:27:14', 761522.00, NULL, NULL, 0, 0, 1, NULL, NULL, NULL, NULL, 3),
(504, 'Nokia Pro167', NULL, '2023-07-19 18:27:14', 471754.00, NULL, NULL, 0, 0, 1, NULL, NULL, NULL, NULL, 1),
(505, 'Oppo XA 168', NULL, '2023-07-19 18:27:14', 925537.00, NULL, NULL, 0, 0, 1, NULL, NULL, NULL, NULL, 2),
(506, 'Iphone xs Max168', NULL, '2023-07-19 18:27:14', 654023.00, NULL, NULL, 0, 0, 1, NULL, NULL, NULL, NULL, 3),
(507, 'Nokia Pro168', NULL, '2023-07-19 18:27:14', 388798.00, NULL, NULL, 0, 0, 1, NULL, NULL, NULL, NULL, 1),
(508, 'Oppo XA 169', NULL, '2023-07-19 18:27:14', 865417.00, NULL, NULL, 0, 0, 1, NULL, NULL, NULL, NULL, 2),
(509, 'Iphone xs Max169', NULL, '2023-07-19 18:27:14', 593898.00, NULL, NULL, 0, 0, 1, NULL, NULL, NULL, NULL, 3),
(510, 'Nokia Pro169', NULL, '2023-07-19 18:27:14', 399939.00, NULL, NULL, 0, 0, 1, NULL, NULL, NULL, NULL, 1),
(511, 'Oppo XA 170', NULL, '2023-07-19 18:27:14', 767149.00, NULL, NULL, 0, 0, 1, NULL, NULL, NULL, NULL, 2),
(512, 'Iphone xs Max170', NULL, '2023-07-19 18:27:14', 588404.00, NULL, NULL, 0, 0, 1, NULL, NULL, NULL, NULL, 3),
(513, 'Nokia Pro170', NULL, '2023-07-19 18:27:14', 257188.00, NULL, NULL, 0, 0, 1, NULL, NULL, NULL, NULL, 1),
(514, 'Oppo XA 171', NULL, '2023-07-19 18:27:14', 958556.00, NULL, NULL, 0, 0, 1, NULL, NULL, NULL, NULL, 2),
(515, 'Iphone xs Max171', NULL, '2023-07-19 18:27:14', 618826.00, NULL, NULL, 0, 0, 1, NULL, NULL, NULL, NULL, 3),
(516, 'Nokia Pro171', NULL, '2023-07-19 18:27:14', 378899.00, NULL, NULL, 0, 0, 1, NULL, NULL, NULL, NULL, 1),
(517, 'Oppo XA 172', NULL, '2023-07-19 18:27:14', 972299.00, NULL, NULL, 0, 0, 1, NULL, NULL, NULL, NULL, 2),
(518, 'Iphone xs Max172', NULL, '2023-07-19 18:27:14', 626984.00, NULL, NULL, 0, 0, 1, NULL, NULL, NULL, NULL, 3),
(519, 'Nokia Pro172', NULL, '2023-07-19 18:27:14', 260669.00, NULL, NULL, 0, 0, 1, NULL, NULL, NULL, NULL, 1),
(520, 'Oppo XA 173', NULL, '2023-07-19 18:27:14', 790360.00, NULL, NULL, 0, 0, 1, NULL, NULL, NULL, NULL, 2),
(521, 'Iphone xs Max173', NULL, '2023-07-19 18:27:14', 604100.00, NULL, NULL, 0, 0, 1, NULL, NULL, NULL, NULL, 3),
(522, 'Nokia Pro173', NULL, '2023-07-19 18:27:14', 327816.00, NULL, NULL, 0, 0, 1, NULL, NULL, NULL, NULL, 1),
(523, 'Oppo XA 174', NULL, '2023-07-19 18:27:14', 764694.00, NULL, NULL, 0, 0, 1, NULL, NULL, NULL, NULL, 2),
(524, 'Iphone xs Max174', NULL, '2023-07-19 18:27:14', 727696.00, NULL, NULL, 0, 0, 1, NULL, NULL, NULL, NULL, 3),
(525, 'Nokia Pro174', NULL, '2023-07-19 18:27:14', 391905.00, NULL, NULL, 0, 0, 1, NULL, NULL, NULL, NULL, 1),
(526, 'Oppo XA 175', NULL, '2023-07-19 18:27:14', 845563.00, NULL, NULL, 0, 0, 1, NULL, NULL, NULL, NULL, 2),
(527, 'Iphone xs Max175', NULL, '2023-07-19 18:27:14', 787400.00, NULL, NULL, 0, 0, 1, NULL, NULL, NULL, NULL, 3),
(528, 'Nokia Pro175', NULL, '2023-07-19 18:27:14', 281945.00, NULL, NULL, 0, 0, 1, NULL, NULL, NULL, NULL, 1),
(529, 'Oppo XA 176', NULL, '2023-07-19 18:27:14', 990355.00, NULL, NULL, 0, 0, 1, NULL, NULL, NULL, NULL, 2),
(530, 'Iphone xs Max176', NULL, '2023-07-19 18:27:14', 621629.00, NULL, NULL, 0, 0, 1, NULL, NULL, NULL, NULL, 3),
(531, 'Nokia Pro176', NULL, '2023-07-19 18:27:14', 466509.00, NULL, NULL, 0, 0, 1, NULL, NULL, NULL, NULL, 1),
(532, 'Oppo XA 177', NULL, '2023-07-19 18:27:14', 950205.00, NULL, NULL, 0, 0, 1, NULL, NULL, NULL, NULL, 2),
(533, 'Iphone xs Max177', NULL, '2023-07-19 18:27:14', 584341.00, NULL, NULL, 0, 0, 1, NULL, NULL, NULL, NULL, 3),
(534, 'Nokia Pro177', NULL, '2023-07-19 18:27:14', 393352.00, NULL, NULL, 0, 0, 1, NULL, NULL, NULL, NULL, 1),
(535, 'Oppo XA 178', NULL, '2023-07-19 18:27:14', 837648.00, NULL, NULL, 0, 0, 1, NULL, NULL, NULL, NULL, 2),
(536, 'Iphone xs Max178', NULL, '2023-07-19 18:27:14', 637744.00, NULL, NULL, 0, 0, 1, NULL, NULL, NULL, NULL, 3),
(537, 'Nokia Pro178', NULL, '2023-07-19 18:27:14', 430067.00, NULL, NULL, 0, 0, 1, NULL, NULL, NULL, NULL, 1),
(538, 'Oppo XA 179', NULL, '2023-07-19 18:27:14', 929793.00, NULL, NULL, 0, 0, 1, NULL, NULL, NULL, NULL, 2),
(539, 'Iphone xs Max179', NULL, '2023-07-19 18:27:14', 723390.00, NULL, NULL, 0, 0, 1, NULL, NULL, NULL, NULL, 3),
(540, 'Nokia Pro179', NULL, '2023-07-19 18:27:14', 286808.00, NULL, NULL, 0, 0, 1, NULL, NULL, NULL, NULL, 1),
(541, 'Oppo XA 180', NULL, '2023-07-19 18:27:14', 715737.00, NULL, NULL, 0, 0, 1, NULL, NULL, NULL, NULL, 2),
(542, 'Iphone xs Max180', NULL, '2023-07-19 18:27:14', 525604.00, NULL, NULL, 0, 0, 1, NULL, NULL, NULL, NULL, 3),
(543, 'Nokia Pro180', NULL, '2023-07-19 18:27:14', 353500.00, NULL, NULL, 0, 0, 1, NULL, NULL, NULL, NULL, 1),
(544, 'Oppo XA 181', NULL, '2023-07-19 18:27:14', 830232.00, NULL, NULL, 0, 0, 1, NULL, NULL, NULL, NULL, 2),
(545, 'Iphone xs Max181', NULL, '2023-07-19 18:27:14', 591153.00, NULL, NULL, 0, 0, 1, NULL, NULL, NULL, NULL, 3),
(546, 'Nokia Pro181', NULL, '2023-07-19 18:27:14', 273804.00, NULL, NULL, 0, 0, 1, NULL, NULL, NULL, NULL, 1),
(547, 'Oppo XA 182', NULL, '2023-07-19 18:27:14', 970505.00, NULL, NULL, 0, 0, 1, NULL, NULL, NULL, NULL, 2),
(548, 'Iphone xs Max182', NULL, '2023-07-19 18:27:14', 716236.00, NULL, NULL, 0, 0, 1, NULL, NULL, NULL, NULL, 3),
(549, 'Nokia Pro182', NULL, '2023-07-19 18:27:14', 349801.00, NULL, NULL, 0, 0, 1, NULL, NULL, NULL, NULL, 1),
(550, 'Oppo XA 183', NULL, '2023-07-19 18:27:14', 766248.00, NULL, NULL, 0, 0, 1, NULL, NULL, NULL, NULL, 2),
(551, 'Iphone xs Max183', NULL, '2023-07-19 18:27:14', 502650.00, NULL, NULL, 0, 0, 1, NULL, NULL, NULL, NULL, 3),
(552, 'Nokia Pro183', NULL, '2023-07-19 18:27:14', 266359.00, NULL, NULL, 0, 0, 1, NULL, NULL, NULL, NULL, 1),
(553, 'Oppo XA 184', NULL, '2023-07-19 18:27:14', 920034.00, NULL, NULL, 0, 0, 1, NULL, NULL, NULL, NULL, 2),
(554, 'Iphone xs Max184', NULL, '2023-07-19 18:27:14', 640707.00, NULL, NULL, 0, 0, 1, NULL, NULL, NULL, NULL, 3),
(555, 'Nokia Pro184', NULL, '2023-07-19 18:27:14', 446782.00, NULL, NULL, 0, 0, 1, NULL, NULL, NULL, NULL, 1),
(556, 'Oppo XA 185', NULL, '2023-07-19 18:27:14', 982234.00, NULL, NULL, 0, 0, 1, NULL, NULL, NULL, NULL, 2),
(557, 'Iphone xs Max185', NULL, '2023-07-19 18:27:14', 577964.00, NULL, NULL, 0, 0, 1, NULL, NULL, NULL, NULL, 3),
(558, 'Nokia Pro185', NULL, '2023-07-19 18:27:14', 324249.00, NULL, NULL, 0, 0, 1, NULL, NULL, NULL, NULL, 1),
(559, 'Oppo XA 186', NULL, '2023-07-19 18:27:14', 881728.00, NULL, NULL, 0, 0, 1, NULL, NULL, NULL, NULL, 2),
(560, 'Iphone xs Max186', NULL, '2023-07-19 18:27:14', 631945.00, NULL, NULL, 0, 0, 1, NULL, NULL, NULL, NULL, 3),
(561, 'Nokia Pro186', NULL, '2023-07-19 18:27:14', 428678.00, NULL, NULL, 0, 0, 1, NULL, NULL, NULL, NULL, 1),
(562, 'Oppo XA 187', NULL, '2023-07-19 18:27:14', 772568.00, NULL, NULL, 0, 0, 1, NULL, NULL, NULL, NULL, 2),
(563, 'Iphone xs Max187', NULL, '2023-07-19 18:27:14', 573673.00, NULL, NULL, 0, 0, 1, NULL, NULL, NULL, NULL, 3),
(564, 'Nokia Pro187', NULL, '2023-07-19 18:27:14', 367338.00, NULL, NULL, 0, 0, 1, NULL, NULL, NULL, NULL, 1),
(565, 'Oppo XA 188', NULL, '2023-07-19 18:27:14', 743354.00, NULL, NULL, 0, 0, 1, NULL, NULL, NULL, NULL, 2),
(566, 'Iphone xs Max188', NULL, '2023-07-19 18:27:14', 533833.00, NULL, NULL, 0, 0, 1, NULL, NULL, NULL, NULL, 3),
(567, 'Nokia Pro188', NULL, '2023-07-19 18:27:14', 360585.00, NULL, NULL, 0, 0, 1, NULL, NULL, NULL, NULL, 1),
(568, 'Oppo XA 189', NULL, '2023-07-19 18:27:14', 813930.00, NULL, NULL, 0, 0, 1, NULL, NULL, NULL, NULL, 2),
(569, 'Iphone xs Max189', NULL, '2023-07-19 18:27:14', 736234.00, NULL, NULL, 0, 0, 1, NULL, NULL, NULL, NULL, 3),
(570, 'Nokia Pro189', NULL, '2023-07-19 18:27:14', 403128.00, NULL, NULL, 0, 0, 1, NULL, NULL, NULL, NULL, 1),
(571, 'Oppo XA 190', NULL, '2023-07-19 18:27:14', 726993.00, NULL, NULL, 0, 0, 1, NULL, NULL, NULL, NULL, 2),
(572, 'Iphone xs Max190', NULL, '2023-07-19 18:27:14', 720901.00, NULL, NULL, 0, 0, 1, NULL, NULL, NULL, NULL, 3),
(573, 'Nokia Pro190', NULL, '2023-07-19 18:27:14', 279277.00, NULL, NULL, 0, 0, 1, NULL, NULL, NULL, NULL, 1),
(574, 'Oppo XA 191', NULL, '2023-07-19 18:27:14', 895556.00, NULL, NULL, 0, 0, 1, NULL, NULL, NULL, NULL, 2),
(575, 'Iphone xs Max191', NULL, '2023-07-19 18:27:14', 522953.00, NULL, NULL, 0, 0, 1, NULL, NULL, NULL, NULL, 3),
(576, 'Nokia Pro191', NULL, '2023-07-19 18:27:14', 274109.00, NULL, NULL, 0, 0, 1, NULL, NULL, NULL, NULL, 1),
(577, 'Oppo XA 192', NULL, '2023-07-19 18:27:14', 939992.00, NULL, NULL, 0, 0, 1, NULL, NULL, NULL, NULL, 2),
(578, 'Iphone xs Max192', NULL, '2023-07-19 18:27:14', 509951.00, NULL, NULL, 0, 0, 1, NULL, NULL, NULL, NULL, 3),
(579, 'Nokia Pro192', NULL, '2023-07-19 18:27:14', 497319.00, NULL, NULL, 0, 0, 1, NULL, NULL, NULL, NULL, 1),
(580, 'Oppo XA 193', NULL, '2023-07-19 18:27:14', 834672.00, NULL, NULL, 0, 0, 1, NULL, NULL, NULL, NULL, 2),
(581, 'Iphone xs Max193', NULL, '2023-07-19 18:27:14', 735743.00, NULL, NULL, 0, 0, 1, NULL, NULL, NULL, NULL, 3),
(582, 'Nokia Pro193', NULL, '2023-07-19 18:27:14', 420098.00, NULL, NULL, 0, 0, 1, NULL, NULL, NULL, NULL, 1),
(583, 'Oppo XA 194', NULL, '2023-07-19 18:27:14', 904838.00, NULL, NULL, 0, 0, 1, NULL, NULL, NULL, NULL, 2),
(584, 'Iphone xs Max194', NULL, '2023-07-19 18:27:14', 728499.00, NULL, NULL, 0, 0, 1, NULL, NULL, NULL, NULL, 3),
(585, 'Nokia Pro194', NULL, '2023-07-19 18:27:14', 310975.00, NULL, NULL, 0, 0, 1, NULL, NULL, NULL, NULL, 1),
(586, 'Oppo XA 195', NULL, '2023-07-19 18:27:14', 817334.00, NULL, NULL, 0, 0, 1, NULL, NULL, NULL, NULL, 2),
(587, 'Iphone xs Max195', NULL, '2023-07-19 18:27:14', 702622.00, NULL, NULL, 0, 0, 1, NULL, NULL, NULL, NULL, 3),
(588, 'Nokia Pro195', NULL, '2023-07-19 18:27:14', 314617.00, NULL, NULL, 0, 0, 1, NULL, NULL, NULL, NULL, 1),
(589, 'Oppo XA 196', NULL, '2023-07-19 18:27:14', 771046.00, NULL, NULL, 0, 0, 1, NULL, NULL, NULL, NULL, 2),
(590, 'Iphone xs Max196', NULL, '2023-07-19 18:27:14', 614931.00, NULL, NULL, 0, 0, 1, NULL, NULL, NULL, NULL, 3),
(591, 'Nokia Pro196', NULL, '2023-07-19 18:27:14', 360321.00, NULL, NULL, 0, 0, 1, NULL, NULL, NULL, NULL, 1),
(592, 'Oppo XA 197', NULL, '2023-07-19 18:27:14', 790096.00, NULL, NULL, 0, 0, 1, NULL, NULL, NULL, NULL, 2),
(593, 'Iphone xs Max197', NULL, '2023-07-19 18:27:14', 622710.00, NULL, NULL, 0, 0, 1, NULL, NULL, NULL, NULL, 3),
(594, 'Nokia Pro197', NULL, '2023-07-19 18:27:14', 402729.00, NULL, NULL, 0, 0, 1, NULL, NULL, NULL, NULL, 1),
(595, 'Oppo XA 198', NULL, '2023-07-19 18:27:14', 914941.00, NULL, NULL, 0, 0, 1, NULL, NULL, NULL, NULL, 2),
(596, 'Iphone xs Max198', NULL, '2023-07-19 18:27:14', 554569.00, NULL, NULL, 0, 0, 1, NULL, NULL, NULL, NULL, 3),
(597, 'Nokia Pro198', NULL, '2023-07-19 18:27:14', 396052.00, NULL, NULL, 0, 0, 1, NULL, NULL, NULL, NULL, 1),
(598, 'Oppo XA 199', NULL, '2023-07-19 18:27:14', 747513.00, NULL, NULL, 0, 0, 1, NULL, NULL, NULL, NULL, 2),
(599, 'Iphone xs Max199', NULL, '2023-07-19 18:27:14', 720541.00, NULL, NULL, 0, 0, 1, NULL, NULL, NULL, NULL, 3),
(600, 'Nokia Pro199', NULL, '2023-07-19 18:27:14', 293730.00, NULL, NULL, 0, 0, 1, NULL, NULL, NULL, NULL, 1),
(601, 'Oppo XA 200', NULL, '2023-07-19 18:27:14', 972700.00, NULL, NULL, 0, 0, 1, NULL, NULL, NULL, NULL, 2),
(602, 'Iphone xs Max200', NULL, '2023-07-19 18:27:14', 593352.00, NULL, NULL, 0, 0, 1, NULL, NULL, NULL, NULL, 3),
(603, 'Nokia Pro200', NULL, '2023-07-19 18:27:14', 346372.00, NULL, NULL, 0, 0, 1, NULL, NULL, NULL, NULL, 1),
(604, 'Oppo XA 201', NULL, '2023-07-19 18:27:14', 977673.00, NULL, NULL, 0, 0, 1, NULL, NULL, NULL, NULL, 2),
(605, 'Iphone xs Max201', NULL, '2023-07-19 18:27:14', 739001.00, NULL, NULL, 0, 0, 1, NULL, NULL, NULL, NULL, 3),
(606, 'Nokia Pro201', NULL, '2023-07-19 18:27:14', 433547.00, NULL, NULL, 0, 0, 1, NULL, NULL, NULL, NULL, 1),
(607, 'Oppo XA 202', NULL, '2023-07-19 18:27:14', 848122.00, NULL, NULL, 0, 0, 1, NULL, NULL, NULL, NULL, 2),
(608, 'Iphone xs Max202', NULL, '2023-07-19 18:27:14', 708633.00, NULL, NULL, 0, 0, 1, NULL, NULL, NULL, NULL, 3),
(609, 'Nokia Pro202', NULL, '2023-07-19 18:27:14', 351945.00, NULL, NULL, 0, 0, 1, NULL, NULL, NULL, NULL, 1),
(610, 'Oppo XA 203', NULL, '2023-07-19 18:27:14', 967172.00, NULL, NULL, 0, 0, 1, NULL, NULL, NULL, NULL, 2),
(611, 'Iphone xs Max203', NULL, '2023-07-19 18:27:14', 574146.00, NULL, NULL, 0, 0, 1, NULL, NULL, NULL, NULL, 3),
(612, 'Nokia Pro203', NULL, '2023-07-19 18:27:14', 254493.00, NULL, NULL, 0, 0, 1, NULL, NULL, NULL, NULL, 1),
(613, 'Oppo XA 204', NULL, '2023-07-19 18:27:14', 747810.00, NULL, NULL, 0, 0, 1, NULL, NULL, NULL, NULL, 2),
(614, 'Iphone xs Max204', NULL, '2023-07-19 18:27:14', 575233.00, NULL, NULL, 0, 0, 1, NULL, NULL, NULL, NULL, 3),
(615, 'Nokia Pro204', NULL, '2023-07-19 18:27:14', 325653.00, NULL, NULL, 0, 0, 1, NULL, NULL, NULL, NULL, 1),
(616, 'Oppo XA 205', NULL, '2023-07-19 18:27:14', 850517.00, NULL, NULL, 0, 0, 1, NULL, NULL, NULL, NULL, 2),
(617, 'Iphone xs Max205', NULL, '2023-07-19 18:27:14', 537342.00, NULL, NULL, 0, 0, 1, NULL, NULL, NULL, NULL, 3),
(618, 'Nokia Pro205', NULL, '2023-07-19 18:27:14', 491050.00, NULL, NULL, 0, 0, 1, NULL, NULL, NULL, NULL, 1),
(619, 'Oppo XA 206', NULL, '2023-07-19 18:27:14', 923496.00, NULL, NULL, 0, 0, 1, NULL, NULL, NULL, NULL, 2),
(620, 'Iphone xs Max206', NULL, '2023-07-19 18:27:14', 518343.00, NULL, NULL, 0, 0, 1, NULL, NULL, NULL, NULL, 3),
(621, 'Nokia Pro206', NULL, '2023-07-19 18:27:14', 406751.00, NULL, NULL, 0, 0, 1, NULL, NULL, NULL, NULL, 1),
(622, 'Oppo XA 207', NULL, '2023-07-19 18:27:14', 950276.00, NULL, NULL, 0, 0, 1, NULL, NULL, NULL, NULL, 2),
(623, 'Iphone xs Max207', NULL, '2023-07-19 18:27:14', 561217.00, NULL, NULL, 0, 0, 1, NULL, NULL, NULL, NULL, 3),
(624, 'Nokia Pro207', NULL, '2023-07-19 18:27:14', 304814.00, NULL, NULL, 0, 0, 1, NULL, NULL, NULL, NULL, 1),
(625, 'Oppo XA 208', NULL, '2023-07-19 18:27:14', 809423.00, NULL, NULL, 0, 0, 1, NULL, NULL, NULL, NULL, 2),
(626, 'Iphone xs Max208', NULL, '2023-07-19 18:27:14', 614590.00, NULL, NULL, 0, 0, 1, NULL, NULL, NULL, NULL, 3),
(627, 'Nokia Pro208', NULL, '2023-07-19 18:27:14', 449945.00, NULL, NULL, 0, 0, 1, NULL, NULL, NULL, NULL, 1),
(628, 'Oppo XA 209', NULL, '2023-07-19 18:27:14', 829637.00, NULL, NULL, 0, 0, 1, NULL, NULL, NULL, NULL, 2),
(629, 'Iphone xs Max209', NULL, '2023-07-19 18:27:14', 750866.00, NULL, NULL, 0, 0, 1, NULL, NULL, NULL, NULL, 3),
(630, 'Nokia Pro209', NULL, '2023-07-19 18:27:14', 337598.00, NULL, NULL, 0, 0, 1, NULL, NULL, NULL, NULL, 1),
(631, 'Oppo XA 210', NULL, '2023-07-19 18:27:14', 957926.00, NULL, NULL, 0, 0, 1, NULL, NULL, NULL, NULL, 2),
(632, 'Iphone xs Max210', NULL, '2023-07-19 18:27:14', 765541.00, NULL, NULL, 0, 0, 1, NULL, NULL, NULL, NULL, 3),
(633, 'Nokia Pro210', NULL, '2023-07-19 18:27:14', 398523.00, NULL, NULL, 0, 0, 1, NULL, NULL, NULL, NULL, 1),
(634, 'Oppo XA 211', NULL, '2023-07-19 18:27:14', 771433.00, NULL, NULL, 0, 0, 1, NULL, NULL, NULL, NULL, 2),
(635, 'Iphone xs Max211', NULL, '2023-07-19 18:27:14', 654118.00, NULL, NULL, 0, 0, 1, NULL, NULL, NULL, NULL, 3),
(636, 'Nokia Pro211', NULL, '2023-07-19 18:27:14', 373323.00, NULL, NULL, 0, 0, 1, NULL, NULL, NULL, NULL, 1),
(637, 'Oppo XA 212', NULL, '2023-07-19 18:27:14', 782958.00, NULL, NULL, 0, 0, 1, NULL, NULL, NULL, NULL, 2),
(638, 'Iphone xs Max212', NULL, '2023-07-19 18:27:14', 680711.00, NULL, NULL, 0, 0, 1, NULL, NULL, NULL, NULL, 3),
(639, 'Nokia Pro212', NULL, '2023-07-19 18:27:14', 409405.00, NULL, NULL, 0, 0, 1, NULL, NULL, NULL, NULL, 1),
(640, 'Oppo XA 213', NULL, '2023-07-19 18:27:14', 987732.00, NULL, NULL, 0, 0, 1, NULL, NULL, NULL, NULL, 2),
(641, 'Iphone xs Max213', NULL, '2023-07-19 18:27:14', 724374.00, NULL, NULL, 0, 0, 1, NULL, NULL, NULL, NULL, 3),
(642, 'Nokia Pro213', NULL, '2023-07-19 18:27:14', 396806.00, NULL, NULL, 0, 0, 1, NULL, NULL, NULL, NULL, 1),
(643, 'Oppo XA 214', NULL, '2023-07-19 18:27:14', 777215.00, NULL, NULL, 0, 0, 1, NULL, NULL, NULL, NULL, 2),
(644, 'Iphone xs Max214', NULL, '2023-07-19 18:27:14', 641595.00, NULL, NULL, 0, 0, 1, NULL, NULL, NULL, NULL, 3),
(645, 'Nokia Pro214', NULL, '2023-07-19 18:27:14', 309016.00, NULL, NULL, 0, 0, 1, NULL, NULL, NULL, NULL, 1),
(646, 'Oppo XA 215', NULL, '2023-07-19 18:27:14', 804783.00, NULL, NULL, 0, 0, 1, NULL, NULL, NULL, NULL, 2),
(647, 'Iphone xs Max215', NULL, '2023-07-19 18:27:14', 505498.00, NULL, NULL, 0, 0, 1, NULL, NULL, NULL, NULL, 3),
(648, 'Nokia Pro215', NULL, '2023-07-19 18:27:14', 286890.00, NULL, NULL, 0, 0, 1, NULL, NULL, NULL, NULL, 1),
(649, 'Oppo XA 216', NULL, '2023-07-19 18:27:14', 765082.00, NULL, NULL, 0, 0, 1, NULL, NULL, NULL, NULL, 2),
(650, 'Iphone xs Max216', NULL, '2023-07-19 18:27:14', 646992.00, NULL, NULL, 0, 0, 1, NULL, NULL, NULL, NULL, 3),
(651, 'Nokia Pro216', NULL, '2023-07-19 18:27:14', 303155.00, NULL, NULL, 0, 0, 1, NULL, NULL, NULL, NULL, 1),
(652, 'Oppo XA 217', NULL, '2023-07-19 18:27:14', 721683.00, NULL, NULL, 0, 0, 1, NULL, NULL, NULL, NULL, 2),
(653, 'Iphone xs Max217', NULL, '2023-07-19 18:27:14', 587701.00, NULL, NULL, 0, 0, 1, NULL, NULL, NULL, NULL, 3),
(654, 'Nokia Pro217', NULL, '2023-07-19 18:27:14', 360210.00, NULL, NULL, 0, 0, 1, NULL, NULL, NULL, NULL, 1),
(655, 'Oppo XA 218', NULL, '2023-07-19 18:27:14', 795765.00, NULL, NULL, 0, 0, 1, NULL, NULL, NULL, NULL, 2),
(656, 'Iphone xs Max218', NULL, '2023-07-19 18:27:14', 526753.00, NULL, NULL, 0, 0, 1, NULL, NULL, NULL, NULL, 3),
(657, 'Nokia Pro218', NULL, '2023-07-19 18:27:14', 396041.00, NULL, NULL, 0, 0, 1, NULL, NULL, NULL, NULL, 1),
(658, 'Oppo XA 219', NULL, '2023-07-19 18:27:14', 834760.00, NULL, NULL, 0, 0, 1, NULL, NULL, NULL, NULL, 2),
(659, 'Iphone xs Max219', NULL, '2023-07-19 18:27:14', 542610.00, NULL, NULL, 0, 0, 1, NULL, NULL, NULL, NULL, 3),
(660, 'Nokia Pro219', NULL, '2023-07-19 18:27:14', 474105.00, NULL, NULL, 0, 0, 1, NULL, NULL, NULL, NULL, 1),
(661, 'Oppo XA 220', NULL, '2023-07-19 18:27:14', 968890.00, NULL, NULL, 0, 0, 1, NULL, NULL, NULL, NULL, 2),
(662, 'Iphone xs Max220', NULL, '2023-07-19 18:27:14', 632624.00, NULL, NULL, 0, 0, 1, NULL, NULL, NULL, NULL, 3),
(663, 'Nokia Pro220', NULL, '2023-07-19 18:27:14', 453469.00, NULL, NULL, 0, 0, 1, NULL, NULL, NULL, NULL, 1),
(664, 'Oppo XA 221', NULL, '2023-07-19 18:27:14', 718701.00, NULL, NULL, 0, 0, 1, NULL, NULL, NULL, NULL, 2),
(665, 'Iphone xs Max221', NULL, '2023-07-19 18:27:14', 516234.00, NULL, NULL, 0, 0, 1, NULL, NULL, NULL, NULL, 3),
(666, 'Nokia Pro221', NULL, '2023-07-19 18:27:14', 280637.00, NULL, NULL, 0, 0, 1, NULL, NULL, NULL, NULL, 1),
(667, 'Oppo XA 222', NULL, '2023-07-19 18:27:14', 950499.00, NULL, NULL, 0, 0, 1, NULL, NULL, NULL, NULL, 2),
(668, 'Iphone xs Max222', NULL, '2023-07-19 18:27:14', 713862.00, NULL, NULL, 0, 0, 1, NULL, NULL, NULL, NULL, 3),
(669, 'Nokia Pro222', NULL, '2023-07-19 18:27:14', 250662.00, NULL, NULL, 0, 0, 1, NULL, NULL, NULL, NULL, 1),
(670, 'Oppo XA 223', NULL, '2023-07-19 18:27:14', 869612.00, NULL, NULL, 0, 0, 1, NULL, NULL, NULL, NULL, 2),
(671, 'Iphone xs Max223', NULL, '2023-07-19 18:27:14', 558774.00, NULL, NULL, 0, 0, 1, NULL, NULL, NULL, NULL, 3),
(672, 'Nokia Pro223', NULL, '2023-07-19 18:27:14', 372695.00, NULL, NULL, 0, 0, 1, NULL, NULL, NULL, NULL, 1),
(673, 'Oppo XA 224', NULL, '2023-07-19 18:27:14', 921101.00, NULL, NULL, 0, 0, 1, NULL, NULL, NULL, NULL, 2),
(674, 'Iphone xs Max224', NULL, '2023-07-19 18:27:14', 565810.00, NULL, NULL, 0, 0, 1, NULL, NULL, NULL, NULL, 3),
(675, 'Nokia Pro224', NULL, '2023-07-19 18:27:14', 411052.00, NULL, NULL, 0, 0, 1, NULL, NULL, NULL, NULL, 1),
(676, 'Oppo XA 225', NULL, '2023-07-19 18:27:14', 793553.00, NULL, NULL, 0, 0, 1, NULL, NULL, NULL, NULL, 2),
(677, 'Iphone xs Max225', NULL, '2023-07-19 18:27:14', 553073.00, NULL, NULL, 0, 0, 1, NULL, NULL, NULL, NULL, 3),
(678, 'Nokia Pro225', NULL, '2023-07-19 18:27:14', 486703.00, NULL, NULL, 0, 0, 1, NULL, NULL, NULL, NULL, 1),
(679, 'Oppo XA 226', NULL, '2023-07-19 18:27:14', 807405.00, NULL, NULL, 0, 0, 1, NULL, NULL, NULL, NULL, 2),
(680, 'Iphone xs Max226', NULL, '2023-07-19 18:27:14', 640246.00, NULL, NULL, 0, 0, 1, NULL, NULL, NULL, NULL, 3),
(681, 'Nokia Pro226', NULL, '2023-07-19 18:27:14', 457289.00, NULL, NULL, 0, 0, 1, NULL, NULL, NULL, NULL, 1),
(682, 'Oppo XA 227', NULL, '2023-07-19 18:27:14', 799289.00, NULL, NULL, 0, 0, 1, NULL, NULL, NULL, NULL, 2),
(683, 'Iphone xs Max227', NULL, '2023-07-19 18:27:14', 675734.00, NULL, NULL, 0, 0, 1, NULL, NULL, NULL, NULL, 3),
(684, 'Nokia Pro227', NULL, '2023-07-19 18:27:14', 283111.00, NULL, NULL, 0, 0, 1, NULL, NULL, NULL, NULL, 1),
(685, 'Oppo XA 228', NULL, '2023-07-19 18:27:14', 928268.00, NULL, NULL, 0, 0, 1, NULL, NULL, NULL, NULL, 2),
(686, 'Iphone xs Max228', NULL, '2023-07-19 18:27:14', 609651.00, NULL, NULL, 0, 0, 1, NULL, NULL, NULL, NULL, 3),
(687, 'Nokia Pro228', NULL, '2023-07-19 18:27:14', 266856.00, NULL, NULL, 0, 0, 1, NULL, NULL, NULL, NULL, 1),
(688, 'Oppo XA 229', NULL, '2023-07-19 18:27:14', 735376.00, NULL, NULL, 0, 0, 1, NULL, NULL, NULL, NULL, 2),
(689, 'Iphone xs Max229', NULL, '2023-07-19 18:27:14', 655801.00, NULL, NULL, 0, 0, 1, NULL, NULL, NULL, NULL, 3),
(690, 'Nokia Pro229', NULL, '2023-07-19 18:27:14', 484231.00, NULL, NULL, 0, 0, 1, NULL, NULL, NULL, NULL, 1),
(691, 'Oppo XA 230', NULL, '2023-07-19 18:27:14', 710803.00, NULL, NULL, 0, 0, 1, NULL, NULL, NULL, NULL, 2),
(692, 'Iphone xs Max230', NULL, '2023-07-19 18:27:14', 604667.00, NULL, NULL, 0, 0, 1, NULL, NULL, NULL, NULL, 3),
(693, 'Nokia Pro230', NULL, '2023-07-19 18:27:14', 396433.00, NULL, NULL, 0, 0, 1, NULL, NULL, NULL, NULL, 1),
(694, 'Oppo XA 231', NULL, '2023-07-19 18:27:14', 965540.00, NULL, NULL, 0, 0, 1, NULL, NULL, NULL, NULL, 2),
(695, 'Iphone xs Max231', NULL, '2023-07-19 18:27:14', 742457.00, NULL, NULL, 0, 0, 1, NULL, NULL, NULL, NULL, 3),
(696, 'Nokia Pro231', NULL, '2023-07-19 18:27:14', 481339.00, NULL, NULL, 0, 0, 1, NULL, NULL, NULL, NULL, 1),
(697, 'Oppo XA 232', NULL, '2023-07-19 18:27:14', 882955.00, NULL, NULL, 0, 0, 1, NULL, NULL, NULL, NULL, 2),
(698, 'Iphone xs Max232', NULL, '2023-07-19 18:27:14', 793171.00, NULL, NULL, 0, 0, 1, NULL, NULL, NULL, NULL, 3),
(699, 'Nokia Pro232', NULL, '2023-07-19 18:27:14', 481848.00, NULL, NULL, 0, 0, 1, NULL, NULL, NULL, NULL, 1),
(700, 'Oppo XA 233', NULL, '2023-07-19 18:27:14', 817375.00, NULL, NULL, 0, 0, 1, NULL, NULL, NULL, NULL, 2),
(701, 'Iphone xs Max233', NULL, '2023-07-19 18:27:14', 752057.00, NULL, NULL, 0, 0, 1, NULL, NULL, NULL, NULL, 3),
(702, 'Nokia Pro233', NULL, '2023-07-19 18:27:14', 406396.00, NULL, NULL, 0, 0, 1, NULL, NULL, NULL, NULL, 1),
(703, 'Oppo XA 234', NULL, '2023-07-19 18:27:14', 889604.00, NULL, NULL, 0, 0, 1, NULL, NULL, NULL, NULL, 2),
(704, 'Iphone xs Max234', NULL, '2023-07-19 18:27:14', 510834.00, NULL, NULL, 0, 0, 1, NULL, NULL, NULL, NULL, 3),
(705, 'Nokia Pro234', NULL, '2023-07-19 18:27:14', 300876.00, NULL, NULL, 0, 0, 1, NULL, NULL, NULL, NULL, 1),
(706, 'Oppo XA 235', NULL, '2023-07-19 18:27:14', 852380.00, NULL, NULL, 0, 0, 1, NULL, NULL, NULL, NULL, 2),
(707, 'Iphone xs Max235', NULL, '2023-07-19 18:27:14', 672441.00, NULL, NULL, 0, 0, 1, NULL, NULL, NULL, NULL, 3),
(708, 'Nokia Pro235', NULL, '2023-07-19 18:27:14', 481903.00, NULL, NULL, 0, 0, 1, NULL, NULL, NULL, NULL, 1),
(709, 'Oppo XA 236', NULL, '2023-07-19 18:27:14', 851236.00, NULL, NULL, 0, 0, 1, NULL, NULL, NULL, NULL, 2),
(710, 'Iphone xs Max236', NULL, '2023-07-19 18:27:14', 751942.00, NULL, NULL, 0, 0, 1, NULL, NULL, NULL, NULL, 3),
(711, 'Nokia Pro236', NULL, '2023-07-19 18:27:14', 486636.00, NULL, NULL, 0, 0, 1, NULL, NULL, NULL, NULL, 1),
(712, 'Oppo XA 237', NULL, '2023-07-19 18:27:14', 802238.00, NULL, NULL, 0, 0, 1, NULL, NULL, NULL, NULL, 2),
(713, 'Iphone xs Max237', NULL, '2023-07-19 18:27:14', 531608.00, NULL, NULL, 0, 0, 1, NULL, NULL, NULL, NULL, 3),
(714, 'Nokia Pro237', NULL, '2023-07-19 18:27:14', 456440.00, NULL, NULL, 0, 0, 1, NULL, NULL, NULL, NULL, 1),
(715, 'Oppo XA 238', NULL, '2023-07-19 18:27:14', 976415.00, NULL, NULL, 0, 0, 1, NULL, NULL, NULL, NULL, 2),
(716, 'Iphone xs Max238', NULL, '2023-07-19 18:27:14', 627742.00, NULL, NULL, 0, 0, 1, NULL, NULL, NULL, NULL, 3),
(717, 'Nokia Pro238', NULL, '2023-07-19 18:27:14', 250412.00, NULL, NULL, 0, 0, 1, NULL, NULL, NULL, NULL, 1),
(718, 'Oppo XA 239', NULL, '2023-07-19 18:27:14', 902396.00, NULL, NULL, 0, 0, 1, NULL, NULL, NULL, NULL, 2),
(719, 'Iphone xs Max239', NULL, '2023-07-19 18:27:14', 724865.00, NULL, NULL, 0, 0, 1, NULL, NULL, NULL, NULL, 3),
(720, 'Nokia Pro239', NULL, '2023-07-19 18:27:14', 437814.00, NULL, NULL, 0, 0, 1, NULL, NULL, NULL, NULL, 1),
(721, 'Oppo XA 240', NULL, '2023-07-19 18:27:14', 906385.00, NULL, NULL, 0, 0, 1, NULL, NULL, NULL, NULL, 2),
(722, 'Iphone xs Max240', NULL, '2023-07-19 18:27:14', 598584.00, NULL, NULL, 0, 0, 1, NULL, NULL, NULL, NULL, 3),
(723, 'Nokia Pro240', NULL, '2023-07-19 18:27:14', 291768.00, NULL, NULL, 0, 0, 1, NULL, NULL, NULL, NULL, 1),
(724, 'Oppo XA 241', NULL, '2023-07-19 18:27:14', 728473.00, NULL, NULL, 0, 0, 1, NULL, NULL, NULL, NULL, 2),
(725, 'Iphone xs Max241', NULL, '2023-07-19 18:27:14', 642448.00, NULL, NULL, 0, 0, 1, NULL, NULL, NULL, NULL, 3),
(726, 'Nokia Pro241', NULL, '2023-07-19 18:27:14', 293843.00, NULL, NULL, 0, 0, 1, NULL, NULL, NULL, NULL, 1),
(727, 'Oppo XA 242', NULL, '2023-07-19 18:27:14', 836800.00, NULL, NULL, 0, 0, 1, NULL, NULL, NULL, NULL, 2),
(728, 'Iphone xs Max242', NULL, '2023-07-19 18:27:14', 701170.00, NULL, NULL, 0, 0, 1, NULL, NULL, NULL, NULL, 3),
(729, 'Nokia Pro242', NULL, '2023-07-19 18:27:14', 304092.00, NULL, NULL, 0, 0, 1, NULL, NULL, NULL, NULL, 1),
(730, 'Oppo XA 243', NULL, '2023-07-19 18:27:14', 725198.00, NULL, NULL, 0, 0, 1, NULL, NULL, NULL, NULL, 2),
(731, 'Iphone xs Max243', NULL, '2023-07-19 18:27:14', 576557.00, NULL, NULL, 0, 0, 1, NULL, NULL, NULL, NULL, 3),
(732, 'Nokia Pro243', NULL, '2023-07-19 18:27:14', 399279.00, NULL, NULL, 0, 0, 1, NULL, NULL, NULL, NULL, 1),
(733, 'Oppo XA 244', NULL, '2023-07-19 18:27:14', 922520.00, NULL, NULL, 0, 0, 1, NULL, NULL, NULL, NULL, 2),
(734, 'Iphone xs Max244', NULL, '2023-07-19 18:27:14', 676734.00, NULL, NULL, 0, 0, 1, NULL, NULL, NULL, NULL, 3),
(735, 'Nokia Pro244', NULL, '2023-07-19 18:27:14', 466889.00, NULL, NULL, 0, 0, 1, NULL, NULL, NULL, NULL, 1),
(736, 'Oppo XA 245', NULL, '2023-07-19 18:27:14', 754779.00, NULL, NULL, 0, 0, 1, NULL, NULL, NULL, NULL, 2),
(737, 'Iphone xs Max245', NULL, '2023-07-19 18:27:14', 564676.00, NULL, NULL, 0, 0, 1, NULL, NULL, NULL, NULL, 3),
(738, 'Nokia Pro245', NULL, '2023-07-19 18:27:14', 450245.00, NULL, NULL, 0, 0, 1, NULL, NULL, NULL, NULL, 1),
(739, 'Oppo XA 246', NULL, '2023-07-19 18:27:14', 777829.00, NULL, NULL, 0, 0, 1, NULL, NULL, NULL, NULL, 2),
(740, 'Iphone xs Max246', NULL, '2023-07-19 18:27:14', 630202.00, NULL, NULL, 0, 0, 1, NULL, NULL, NULL, NULL, 3),
(741, 'Nokia Pro246', NULL, '2023-07-19 18:27:14', 324444.00, NULL, NULL, 0, 0, 1, NULL, NULL, NULL, NULL, 1),
(742, 'Oppo XA 247', NULL, '2023-07-19 18:27:14', 898716.00, NULL, NULL, 0, 0, 1, NULL, NULL, NULL, NULL, 2),
(743, 'Iphone xs Max247', NULL, '2023-07-19 18:27:14', 794240.00, NULL, NULL, 0, 0, 1, NULL, NULL, NULL, NULL, 3),
(744, 'Nokia Pro247', NULL, '2023-07-19 18:27:14', 376543.00, NULL, NULL, 0, 0, 1, NULL, NULL, NULL, NULL, 1),
(745, 'Oppo XA 248', NULL, '2023-07-19 18:27:14', 986589.00, NULL, NULL, 0, 0, 1, NULL, NULL, NULL, NULL, 2),
(746, 'Iphone xs Max248', NULL, '2023-07-19 18:27:14', 760636.00, NULL, NULL, 0, 0, 1, NULL, NULL, NULL, NULL, 3),
(747, 'Nokia Pro248', NULL, '2023-07-19 18:27:14', 386098.00, NULL, NULL, 0, 0, 1, NULL, NULL, NULL, NULL, 1),
(748, 'Oppo XA 249', NULL, '2023-07-19 18:27:14', 757826.00, NULL, NULL, 0, 0, 1, NULL, NULL, NULL, NULL, 2),
(749, 'Iphone xs Max249', NULL, '2023-07-19 18:27:14', 678727.00, NULL, NULL, 0, 0, 1, NULL, NULL, NULL, NULL, 3),
(750, 'Nokia Pro249', NULL, '2023-07-19 18:27:14', 338127.00, NULL, NULL, 0, 0, 1, NULL, NULL, NULL, NULL, 1),
(751, 'Oppo XA 250', NULL, '2023-07-19 18:27:14', 712216.00, NULL, NULL, 0, 0, 1, NULL, NULL, NULL, NULL, 2),
(752, 'Iphone xs Max250', NULL, '2023-07-19 18:27:14', 739629.00, NULL, NULL, 0, 0, 1, NULL, NULL, NULL, NULL, 3),
(753, 'Nokia Pro250', NULL, '2023-07-19 18:27:14', 468687.00, NULL, NULL, 0, 0, 1, NULL, NULL, NULL, NULL, 1),
(754, 'Oppo XA 251', NULL, '2023-07-19 18:27:14', 832535.00, NULL, NULL, 0, 0, 1, NULL, NULL, NULL, NULL, 2),
(755, 'Iphone xs Max251', NULL, '2023-07-19 18:27:14', 520477.00, NULL, NULL, 0, 0, 1, NULL, NULL, NULL, NULL, 3),
(756, 'Nokia Pro251', NULL, '2023-07-19 18:27:14', 464792.00, NULL, NULL, 0, 0, 1, NULL, NULL, NULL, NULL, 1),
(757, 'Oppo XA 252', NULL, '2023-07-19 18:27:14', 732697.00, NULL, NULL, 0, 0, 1, NULL, NULL, NULL, NULL, 2),
(758, 'Iphone xs Max252', NULL, '2023-07-19 18:27:14', 681759.00, NULL, NULL, 0, 0, 1, NULL, NULL, NULL, NULL, 3),
(759, 'Nokia Pro252', NULL, '2023-07-19 18:27:14', 351421.00, NULL, NULL, 0, 0, 1, NULL, NULL, NULL, NULL, 1),
(760, 'Oppo XA 253', NULL, '2023-07-19 18:27:14', 909535.00, NULL, NULL, 0, 0, 1, NULL, NULL, NULL, NULL, 2),
(761, 'Iphone xs Max253', NULL, '2023-07-19 18:27:14', 560556.00, NULL, NULL, 0, 0, 1, NULL, NULL, NULL, NULL, 3),
(762, 'Nokia Pro253', NULL, '2023-07-19 18:27:14', 370702.00, NULL, NULL, 0, 0, 1, NULL, NULL, NULL, NULL, 1),
(763, 'Oppo XA 254', NULL, '2023-07-19 18:27:14', 798759.00, NULL, NULL, 0, 0, 1, NULL, NULL, NULL, NULL, 2),
(764, 'Iphone xs Max254', NULL, '2023-07-19 18:27:14', 724395.00, NULL, NULL, 0, 0, 1, NULL, NULL, NULL, NULL, 3),
(765, 'Nokia Pro254', NULL, '2023-07-19 18:27:14', 480895.00, NULL, NULL, 0, 0, 1, NULL, NULL, NULL, NULL, 1),
(766, 'Oppo XA 255', NULL, '2023-07-19 18:27:14', 749906.00, NULL, NULL, 0, 0, 1, NULL, NULL, NULL, NULL, 2),
(767, 'Iphone xs Max255', NULL, '2023-07-19 18:27:14', 667466.00, NULL, NULL, 0, 0, 1, NULL, NULL, NULL, NULL, 3),
(768, 'Nokia Pro255', NULL, '2023-07-19 18:27:14', 306020.00, NULL, NULL, 0, 0, 1, NULL, NULL, NULL, NULL, 1),
(769, 'Oppo XA 256', NULL, '2023-07-19 18:27:14', 835585.00, NULL, NULL, 0, 0, 1, NULL, NULL, NULL, NULL, 2),
(770, 'Iphone xs Max256', NULL, '2023-07-19 18:27:14', 604467.00, NULL, NULL, 0, 0, 1, NULL, NULL, NULL, NULL, 3),
(771, 'Nokia Pro256', NULL, '2023-07-19 18:27:14', 449076.00, NULL, NULL, 0, 0, 1, NULL, NULL, NULL, NULL, 1),
(772, 'Oppo XA 257', NULL, '2023-07-19 18:27:14', 720304.00, NULL, NULL, 0, 0, 1, NULL, NULL, NULL, NULL, 2),
(773, 'Iphone xs Max257', NULL, '2023-07-19 18:27:14', 756550.00, NULL, NULL, 0, 0, 1, NULL, NULL, NULL, NULL, 3),
(774, 'Nokia Pro257', NULL, '2023-07-19 18:27:14', 447365.00, NULL, NULL, 0, 0, 1, NULL, NULL, NULL, NULL, 1),
(775, 'Oppo XA 258', NULL, '2023-07-19 18:27:14', 755906.00, NULL, NULL, 0, 0, 1, NULL, NULL, NULL, NULL, 2),
(776, 'Iphone xs Max258', NULL, '2023-07-19 18:27:14', 779454.00, NULL, NULL, 0, 0, 1, NULL, NULL, NULL, NULL, 3),
(777, 'Nokia Pro258', NULL, '2023-07-19 18:27:14', 413817.00, NULL, NULL, 0, 0, 1, NULL, NULL, NULL, NULL, 1),
(778, 'Oppo XA 259', NULL, '2023-07-19 18:27:14', 907256.00, NULL, NULL, 0, 0, 1, NULL, NULL, NULL, NULL, 2),
(779, 'Iphone xs Max259', NULL, '2023-07-19 18:27:14', 739928.00, NULL, NULL, 0, 0, 1, NULL, NULL, NULL, NULL, 3),
(780, 'Nokia Pro259', NULL, '2023-07-19 18:27:14', 367788.00, NULL, NULL, 0, 0, 1, NULL, NULL, NULL, NULL, 1),
(781, 'Oppo XA 260', NULL, '2023-07-19 18:27:14', 837117.00, NULL, NULL, 0, 0, 1, NULL, NULL, NULL, NULL, 2),
(782, 'Iphone xs Max260', NULL, '2023-07-19 18:27:14', 531737.00, NULL, NULL, 0, 0, 1, NULL, NULL, NULL, NULL, 3),
(783, 'Nokia Pro260', NULL, '2023-07-19 18:27:14', 265628.00, NULL, NULL, 0, 0, 1, NULL, NULL, NULL, NULL, 1),
(784, 'Oppo XA 261', NULL, '2023-07-19 18:27:14', 917059.00, NULL, NULL, 0, 0, 1, NULL, NULL, NULL, NULL, 2),
(785, 'Iphone xs Max261', NULL, '2023-07-19 18:27:14', 752653.00, NULL, NULL, 0, 0, 1, NULL, NULL, NULL, NULL, 3),
(786, 'Nokia Pro261', NULL, '2023-07-19 18:27:14', 382773.00, NULL, NULL, 0, 0, 1, NULL, NULL, NULL, NULL, 1),
(787, 'Oppo XA 262', NULL, '2023-07-19 18:27:14', 734431.00, NULL, NULL, 0, 0, 1, NULL, NULL, NULL, NULL, 2),
(788, 'Iphone xs Max262', NULL, '2023-07-19 18:27:14', 715892.00, NULL, NULL, 0, 0, 1, NULL, NULL, NULL, NULL, 3),
(789, 'Nokia Pro262', NULL, '2023-07-19 18:27:14', 476894.00, NULL, NULL, 0, 0, 1, NULL, NULL, NULL, NULL, 1),
(790, 'Oppo XA 263', NULL, '2023-07-19 18:27:14', 802768.00, NULL, NULL, 0, 0, 1, NULL, NULL, NULL, NULL, 2),
(791, 'Iphone xs Max263', NULL, '2023-07-19 18:27:14', 680845.00, NULL, NULL, 0, 0, 1, NULL, NULL, NULL, NULL, 3),
(792, 'Nokia Pro263', NULL, '2023-07-19 18:27:14', 345780.00, NULL, NULL, 0, 0, 1, NULL, NULL, NULL, NULL, 1),
(793, 'Oppo XA 264', NULL, '2023-07-19 18:27:14', 916551.00, NULL, NULL, 0, 0, 1, NULL, NULL, NULL, NULL, 2),
(794, 'Iphone xs Max264', NULL, '2023-07-19 18:27:14', 617558.00, NULL, NULL, 0, 0, 1, NULL, NULL, NULL, NULL, 3),
(795, 'Nokia Pro264', NULL, '2023-07-19 18:27:14', 385249.00, NULL, NULL, 0, 0, 1, NULL, NULL, NULL, NULL, 1),
(796, 'Oppo XA 265', NULL, '2023-07-19 18:27:14', 827021.00, NULL, NULL, 0, 0, 1, NULL, NULL, NULL, NULL, 2),
(797, 'Iphone xs Max265', NULL, '2023-07-19 18:27:14', 699452.00, NULL, NULL, 0, 0, 1, NULL, NULL, NULL, NULL, 3),
(798, 'Nokia Pro265', NULL, '2023-07-19 18:27:14', 354537.00, NULL, NULL, 0, 0, 1, NULL, NULL, NULL, NULL, 1),
(799, 'Oppo XA 266', NULL, '2023-07-19 18:27:14', 880972.00, NULL, NULL, 0, 0, 1, NULL, NULL, NULL, NULL, 2),
(800, 'Iphone xs Max266', NULL, '2023-07-19 18:27:14', 513740.00, NULL, NULL, 0, 0, 1, NULL, NULL, NULL, NULL, 3),
(801, 'Nokia Pro266', NULL, '2023-07-19 18:27:14', 347142.00, NULL, NULL, 0, 0, 1, NULL, NULL, NULL, NULL, 1),
(802, 'Oppo XA 267', NULL, '2023-07-19 18:27:14', 747524.00, NULL, NULL, 0, 0, 1, NULL, NULL, NULL, NULL, 2),
(803, 'Iphone xs Max267', NULL, '2023-07-19 18:27:14', 684749.00, NULL, NULL, 0, 0, 1, NULL, NULL, NULL, NULL, 3),
(804, 'Nokia Pro267', NULL, '2023-07-19 18:27:14', 416722.00, NULL, NULL, 0, 0, 1, NULL, NULL, NULL, NULL, 1),
(805, 'Oppo XA 268', NULL, '2023-07-19 18:27:14', 761004.00, NULL, NULL, 0, 0, 1, NULL, NULL, NULL, NULL, 2),
(806, 'Iphone xs Max268', NULL, '2023-07-19 18:27:14', 795948.00, NULL, NULL, 0, 0, 1, NULL, NULL, NULL, NULL, 3),
(807, 'Nokia Pro268', NULL, '2023-07-19 18:27:14', 344110.00, NULL, NULL, 0, 0, 1, NULL, NULL, NULL, NULL, 1),
(808, 'Oppo XA 269', NULL, '2023-07-19 18:27:14', 981211.00, NULL, NULL, 0, 0, 1, NULL, NULL, NULL, NULL, 2),
(809, 'Iphone xs Max269', NULL, '2023-07-19 18:27:14', 720281.00, NULL, NULL, 0, 0, 1, NULL, NULL, NULL, NULL, 3),
(810, 'Nokia Pro269', NULL, '2023-07-19 18:27:14', 293565.00, NULL, NULL, 0, 0, 1, NULL, NULL, NULL, NULL, 1),
(811, 'Oppo XA 270', NULL, '2023-07-19 18:27:14', 923502.00, NULL, NULL, 0, 0, 1, NULL, NULL, NULL, NULL, 2),
(812, 'Iphone xs Max270', NULL, '2023-07-19 18:27:14', 709948.00, NULL, NULL, 0, 0, 1, NULL, NULL, NULL, NULL, 3),
(813, 'Nokia Pro270', NULL, '2023-07-19 18:27:14', 254751.00, NULL, NULL, 0, 0, 1, NULL, NULL, NULL, NULL, 1),
(814, 'Oppo XA 271', NULL, '2023-07-19 18:27:14', 734255.00, NULL, NULL, 0, 0, 1, NULL, NULL, NULL, NULL, 2),
(815, 'Iphone xs Max271', NULL, '2023-07-19 18:27:14', 674355.00, NULL, NULL, 0, 0, 1, NULL, NULL, NULL, NULL, 3),
(816, 'Nokia Pro271', NULL, '2023-07-19 18:27:14', 438247.00, NULL, NULL, 0, 0, 1, NULL, NULL, NULL, NULL, 1),
(817, 'Oppo XA 272', NULL, '2023-07-19 18:27:14', 717449.00, NULL, NULL, 0, 0, 1, NULL, NULL, NULL, NULL, 2),
(818, 'Iphone xs Max272', NULL, '2023-07-19 18:27:14', 611221.00, NULL, NULL, 0, 0, 1, NULL, NULL, NULL, NULL, 3),
(819, 'Nokia Pro272', NULL, '2023-07-19 18:27:14', 403835.00, NULL, NULL, 0, 0, 1, NULL, NULL, NULL, NULL, 1),
(820, 'Oppo XA 273', NULL, '2023-07-19 18:27:14', 844552.00, NULL, NULL, 0, 0, 1, NULL, NULL, NULL, NULL, 2),
(821, 'Iphone xs Max273', NULL, '2023-07-19 18:27:14', 591003.00, NULL, NULL, 0, 0, 1, NULL, NULL, NULL, NULL, 3),
(822, 'Nokia Pro273', NULL, '2023-07-19 18:27:14', 481553.00, NULL, NULL, 0, 0, 1, NULL, NULL, NULL, NULL, 1),
(823, 'Oppo XA 274', NULL, '2023-07-19 18:27:14', 715283.00, NULL, NULL, 0, 0, 1, NULL, NULL, NULL, NULL, 2),
(824, 'Iphone xs Max274', NULL, '2023-07-19 18:27:14', 744149.00, NULL, NULL, 0, 0, 1, NULL, NULL, NULL, NULL, 3),
(825, 'Nokia Pro274', NULL, '2023-07-19 18:27:14', 250872.00, NULL, NULL, 0, 0, 1, NULL, NULL, NULL, NULL, 1),
(826, 'Oppo XA 275', NULL, '2023-07-19 18:27:14', 960388.00, NULL, NULL, 0, 0, 1, NULL, NULL, NULL, NULL, 2),
(827, 'Iphone xs Max275', NULL, '2023-07-19 18:27:14', 646528.00, NULL, NULL, 0, 0, 1, NULL, NULL, NULL, NULL, 3),
(828, 'Nokia Pro275', NULL, '2023-07-19 18:27:14', 422186.00, NULL, NULL, 0, 0, 1, NULL, NULL, NULL, NULL, 1),
(829, 'Oppo XA 276', NULL, '2023-07-19 18:27:14', 767252.00, NULL, NULL, 0, 0, 1, NULL, NULL, NULL, NULL, 2),
(830, 'Iphone xs Max276', NULL, '2023-07-19 18:27:14', 771057.00, NULL, NULL, 0, 0, 1, NULL, NULL, NULL, NULL, 3),
(831, 'Nokia Pro276', NULL, '2023-07-19 18:27:14', 300726.00, NULL, NULL, 0, 0, 1, NULL, NULL, NULL, NULL, 1),
(832, 'Oppo XA 277', NULL, '2023-07-19 18:27:14', 811002.00, NULL, NULL, 0, 0, 1, NULL, NULL, NULL, NULL, 2),
(833, 'Iphone xs Max277', NULL, '2023-07-19 18:27:14', 570108.00, NULL, NULL, 0, 0, 1, NULL, NULL, NULL, NULL, 3),
(834, 'Nokia Pro277', NULL, '2023-07-19 18:27:14', 283670.00, NULL, NULL, 0, 0, 1, NULL, NULL, NULL, NULL, 1),
(835, 'Oppo XA 278', NULL, '2023-07-19 18:27:14', 722316.00, NULL, NULL, 0, 0, 1, NULL, NULL, NULL, NULL, 2),
(836, 'Iphone xs Max278', NULL, '2023-07-19 18:27:14', 588923.00, NULL, NULL, 0, 0, 1, NULL, NULL, NULL, NULL, 3),
(837, 'Nokia Pro278', NULL, '2023-07-19 18:27:14', 450362.00, NULL, NULL, 0, 0, 1, NULL, NULL, NULL, NULL, 1),
(838, 'Oppo XA 279', NULL, '2023-07-19 18:27:14', 820099.00, NULL, NULL, 0, 0, 1, NULL, NULL, NULL, NULL, 2),
(839, 'Iphone xs Max279', NULL, '2023-07-19 18:27:14', 572737.00, NULL, NULL, 0, 0, 1, NULL, NULL, NULL, NULL, 3),
(840, 'Nokia Pro279', NULL, '2023-07-19 18:27:14', 261927.00, NULL, NULL, 0, 0, 1, NULL, NULL, NULL, NULL, 1),
(841, 'Oppo XA 280', NULL, '2023-07-19 18:27:14', 758446.00, NULL, NULL, 0, 0, 1, NULL, NULL, NULL, NULL, 2),
(842, 'Iphone xs Max280', NULL, '2023-07-19 18:27:14', 551329.00, NULL, NULL, 0, 0, 1, NULL, NULL, NULL, NULL, 3),
(843, 'Nokia Pro280', NULL, '2023-07-19 18:27:14', 319937.00, NULL, NULL, 0, 0, 1, NULL, NULL, NULL, NULL, 1),
(844, 'Oppo XA 281', NULL, '2023-07-19 18:27:14', 852396.00, NULL, NULL, 0, 0, 1, NULL, NULL, NULL, NULL, 2),
(845, 'Iphone xs Max281', NULL, '2023-07-19 18:27:14', 608869.00, NULL, NULL, 0, 0, 1, NULL, NULL, NULL, NULL, 3),
(846, 'Nokia Pro281', NULL, '2023-07-19 18:27:14', 295867.00, NULL, NULL, 0, 0, 1, NULL, NULL, NULL, NULL, 1),
(847, 'Oppo XA 282', NULL, '2023-07-19 18:27:14', 723727.00, NULL, NULL, 0, 0, 1, NULL, NULL, NULL, NULL, 2),
(848, 'Iphone xs Max282', NULL, '2023-07-19 18:27:14', 743397.00, NULL, NULL, 0, 0, 1, NULL, NULL, NULL, NULL, 3),
(849, 'Nokia Pro282', NULL, '2023-07-19 18:27:14', 404529.00, NULL, NULL, 0, 0, 1, NULL, NULL, NULL, NULL, 1),
(850, 'Oppo XA 283', NULL, '2023-07-19 18:27:14', 976025.00, NULL, NULL, 0, 0, 1, NULL, NULL, NULL, NULL, 2),
(851, 'Iphone xs Max283', NULL, '2023-07-19 18:27:14', 715807.00, NULL, NULL, 0, 0, 1, NULL, NULL, NULL, NULL, 3),
(852, 'Nokia Pro283', NULL, '2023-07-19 18:27:14', 281176.00, NULL, NULL, 0, 0, 1, NULL, NULL, NULL, NULL, 1),
(853, 'Oppo XA 284', NULL, '2023-07-19 18:27:14', 762308.00, NULL, NULL, 0, 0, 1, NULL, NULL, NULL, NULL, 2),
(854, 'Iphone xs Max284', NULL, '2023-07-19 18:27:14', 561547.00, NULL, NULL, 0, 0, 1, NULL, NULL, NULL, NULL, 3),
(855, 'Nokia Pro284', NULL, '2023-07-19 18:27:14', 482570.00, NULL, NULL, 0, 0, 1, NULL, NULL, NULL, NULL, 1),
(856, 'Oppo XA 285', NULL, '2023-07-19 18:27:14', 764955.00, NULL, NULL, 0, 0, 1, NULL, NULL, NULL, NULL, 2),
(857, 'Iphone xs Max285', NULL, '2023-07-19 18:27:14', 539926.00, NULL, NULL, 0, 0, 1, NULL, NULL, NULL, NULL, 3),
(858, 'Nokia Pro285', NULL, '2023-07-19 18:27:14', 252446.00, NULL, NULL, 0, 0, 1, NULL, NULL, NULL, NULL, 1),
(859, 'Oppo XA 286', NULL, '2023-07-19 18:27:14', 872744.00, NULL, NULL, 0, 0, 1, NULL, NULL, NULL, NULL, 2),
(860, 'Iphone xs Max286', NULL, '2023-07-19 18:27:14', 694987.00, NULL, NULL, 0, 0, 1, NULL, NULL, NULL, NULL, 3),
(861, 'Nokia Pro286', NULL, '2023-07-19 18:27:14', 306905.00, NULL, NULL, 0, 0, 1, NULL, NULL, NULL, NULL, 1),
(862, 'Oppo XA 287', NULL, '2023-07-19 18:27:14', 904509.00, NULL, NULL, 0, 0, 1, NULL, NULL, NULL, NULL, 2),
(863, 'Iphone xs Max287', NULL, '2023-07-19 18:27:14', 756750.00, NULL, NULL, 0, 0, 1, NULL, NULL, NULL, NULL, 3),
(864, 'Nokia Pro287', NULL, '2023-07-19 18:27:14', 432663.00, NULL, NULL, 0, 0, 1, NULL, NULL, NULL, NULL, 1),
(865, 'Oppo XA 288', NULL, '2023-07-19 18:27:14', 962663.00, NULL, NULL, 0, 0, 1, NULL, NULL, NULL, NULL, 2),
(866, 'Iphone xs Max288', NULL, '2023-07-19 18:27:14', 504599.00, NULL, NULL, 0, 0, 1, NULL, NULL, NULL, NULL, 3),
(867, 'Nokia Pro288', NULL, '2023-07-19 18:27:14', 319863.00, NULL, NULL, 0, 0, 1, NULL, NULL, NULL, NULL, 1),
(868, 'Oppo XA 289', NULL, '2023-07-19 18:27:14', 981133.00, NULL, NULL, 0, 0, 1, NULL, NULL, NULL, NULL, 2),
(869, 'Iphone xs Max289', NULL, '2023-07-19 18:27:14', 738056.00, NULL, NULL, 0, 0, 1, NULL, NULL, NULL, NULL, 3),
(870, 'Nokia Pro289', NULL, '2023-07-19 18:27:14', 369105.00, NULL, NULL, 0, 0, 1, NULL, NULL, NULL, NULL, 1),
(871, 'Oppo XA 290', NULL, '2023-07-19 18:27:14', 926777.00, NULL, NULL, 0, 0, 1, NULL, NULL, NULL, NULL, 2),
(872, 'Iphone xs Max290', NULL, '2023-07-19 18:27:14', 516968.00, NULL, NULL, 0, 0, 1, NULL, NULL, NULL, NULL, 3),
(873, 'Nokia Pro290', NULL, '2023-07-19 18:27:14', 310358.00, NULL, NULL, 0, 0, 1, NULL, NULL, NULL, NULL, 1),
(874, 'Oppo XA 291', NULL, '2023-07-19 18:27:14', 879726.00, NULL, NULL, 0, 0, 1, NULL, NULL, NULL, NULL, 2),
(875, 'Iphone xs Max291', NULL, '2023-07-19 18:27:14', 622941.00, NULL, NULL, 0, 0, 1, NULL, NULL, NULL, NULL, 3),
(876, 'Nokia Pro291', NULL, '2023-07-19 18:27:14', 400530.00, NULL, NULL, 0, 0, 1, NULL, NULL, NULL, NULL, 1),
(877, 'Oppo XA 292', NULL, '2023-07-19 18:27:14', 967805.00, NULL, NULL, 0, 0, 1, NULL, NULL, NULL, NULL, 2),
(878, 'Iphone xs Max292', NULL, '2023-07-19 18:27:14', 688377.00, NULL, NULL, 0, 0, 1, NULL, NULL, NULL, NULL, 3),
(879, 'Nokia Pro292', NULL, '2023-07-19 18:27:14', 351443.00, NULL, NULL, 0, 0, 1, NULL, NULL, NULL, NULL, 1),
(880, 'Oppo XA 293', NULL, '2023-07-19 18:27:14', 804750.00, NULL, NULL, 0, 0, 1, NULL, NULL, NULL, NULL, 2),
(881, 'Iphone xs Max293', NULL, '2023-07-19 18:27:14', 568196.00, NULL, NULL, 0, 0, 1, NULL, NULL, NULL, NULL, 3),
(882, 'Nokia Pro293', NULL, '2023-07-19 18:27:14', 353716.00, NULL, NULL, 0, 0, 1, NULL, NULL, NULL, NULL, 1),
(883, 'Oppo XA 294', NULL, '2023-07-19 18:27:14', 908401.00, NULL, NULL, 0, 0, 1, NULL, NULL, NULL, NULL, 2),
(884, 'Iphone xs Max294', NULL, '2023-07-19 18:27:14', 534784.00, NULL, NULL, 0, 0, 1, NULL, NULL, NULL, NULL, 3),
(885, 'Nokia Pro294', NULL, '2023-07-19 18:27:14', 459009.00, NULL, NULL, 0, 0, 1, NULL, NULL, NULL, NULL, 1),
(886, 'Oppo XA 295', NULL, '2023-07-19 18:27:14', 772633.00, NULL, NULL, 0, 0, 1, NULL, NULL, NULL, NULL, 2),
(887, 'Iphone xs Max295', NULL, '2023-07-19 18:27:14', 506481.00, NULL, NULL, 0, 0, 1, NULL, NULL, NULL, NULL, 3),
(888, 'Nokia Pro295', NULL, '2023-07-19 18:27:14', 359482.00, NULL, NULL, 0, 0, 1, NULL, NULL, NULL, NULL, 1),
(889, 'Oppo XA 296', NULL, '2023-07-19 18:27:14', 845519.00, NULL, NULL, 0, 0, 1, NULL, NULL, NULL, NULL, 2),
(890, 'Iphone xs Max296', NULL, '2023-07-19 18:27:14', 583327.00, NULL, NULL, 0, 0, 1, NULL, NULL, NULL, NULL, 3),
(891, 'Nokia Pro296', NULL, '2023-07-19 18:27:14', 314383.00, NULL, NULL, 0, 0, 1, NULL, NULL, NULL, NULL, 1),
(892, 'Oppo XA 297', NULL, '2023-07-19 18:27:14', 772721.00, NULL, NULL, 0, 0, 1, NULL, NULL, NULL, NULL, 2),
(893, 'Iphone xs Max297', NULL, '2023-07-19 18:27:14', 509877.00, NULL, NULL, 0, 0, 1, NULL, NULL, NULL, NULL, 3),
(894, 'Nokia Pro297', NULL, '2023-07-19 18:27:14', 402649.00, NULL, NULL, 0, 0, 1, NULL, NULL, NULL, NULL, 1),
(895, 'Oppo XA 298', NULL, '2023-07-19 18:27:14', 920557.00, NULL, NULL, 0, 0, 1, NULL, NULL, NULL, NULL, 2),
(896, 'Iphone xs Max298', NULL, '2023-07-19 18:27:14', 728048.00, NULL, NULL, 0, 0, 1, NULL, NULL, NULL, NULL, 3),
(897, 'Nokia Pro298', NULL, '2023-07-19 18:27:14', 302781.00, NULL, NULL, 0, 0, 1, NULL, NULL, NULL, NULL, 1),
(898, 'Oppo XA 299', NULL, '2023-07-19 18:27:14', 986008.00, NULL, NULL, 0, 0, 1, NULL, NULL, NULL, NULL, 2),
(899, 'Iphone xs Max299', NULL, '2023-07-19 18:27:14', 621514.00, NULL, NULL, 0, 0, 1, NULL, NULL, NULL, NULL, 3),
(900, 'Nokia Pro299', NULL, '2023-07-19 18:27:14', 472053.00, NULL, NULL, 0, 0, 1, NULL, NULL, NULL, NULL, 1);

-- --------------------------------------------------------

--
-- Cấu trúc bảng cho bảng `failed_jobs`
--

CREATE TABLE `failed_jobs` (
  `id` bigint(20) UNSIGNED NOT NULL,
  `uuid` varchar(255) COLLATE utf8mb4_unicode_ci NOT NULL,
  `connection` text COLLATE utf8mb4_unicode_ci NOT NULL,
  `queue` text COLLATE utf8mb4_unicode_ci NOT NULL,
  `payload` longtext COLLATE utf8mb4_unicode_ci NOT NULL,
  `exception` longtext COLLATE utf8mb4_unicode_ci NOT NULL,
  `failed_at` timestamp NOT NULL DEFAULT current_timestamp()
) ENGINE=InnoDB DEFAULT CHARSET=utf8mb4 COLLATE=utf8mb4_unicode_ci;

-- --------------------------------------------------------

--
-- Cấu trúc bảng cho bảng `loaisp`
--

CREATE TABLE `loaisp` (
  `id` bigint(20) UNSIGNED NOT NULL,
  `tenLoai` varchar(30) COLLATE utf8mb4_unicode_ci NOT NULL,
  `thuTu` int(11) NOT NULL DEFAULT 0,
  `anHien` tinyint(1) NOT NULL DEFAULT 1,
  `urlHinh` varchar(200) COLLATE utf8mb4_unicode_ci DEFAULT NULL,
  `created_at` timestamp NULL DEFAULT NULL,
  `updated_at` timestamp NULL DEFAULT NULL
) ENGINE=InnoDB DEFAULT CHARSET=utf8mb4 COLLATE=utf8mb4_unicode_ci;

--
-- Đang đổ dữ liệu cho bảng `loaisp`
--

INSERT INTO `loaisp` (`id`, `tenLoai`, `thuTu`, `anHien`, `urlHinh`, `created_at`, `updated_at`) VALUES
(1, 'Sam sung', 1, 1, NULL, NULL, NULL),
(2, 'HTC', 2, 1, NULL, NULL, NULL),
(3, 'Apple', 3, 1, NULL, NULL, NULL),
(4, 'LG', 4, 1, NULL, NULL, NULL),
(5, 'Motorola', 5, 1, NULL, NULL, NULL),
(6, 'Mobel', 6, 0, NULL, NULL, NULL);

-- --------------------------------------------------------

--
-- Cấu trúc bảng cho bảng `loaitin`
--

CREATE TABLE `loaitin` (
  `idLT` varchar(10) NOT NULL,
  `moTa` varchar(50) NOT NULL,
  `AnHien` bit(1) NOT NULL,
  `thuTu` int(1) NOT NULL
) ENGINE=InnoDB DEFAULT CHARSET=utf8mb4;

--
-- Đang đổ dữ liệu cho bảng `loaitin`
--

INSERT INTO `loaitin` (`idLT`, `moTa`, `AnHien`, `thuTu`) VALUES
('loai1', 'Tin thể thao', b'1', 1),
('loai2', 'Tin văn hoá', b'1', 3),
('loai3', 'Tin xã hội', b'1', 2),
('loai4', 'Tin đời sống', b'0', 0);

-- --------------------------------------------------------

--
-- Cấu trúc bảng cho bảng `migrations`
--

CREATE TABLE `migrations` (
  `id` int(10) UNSIGNED NOT NULL,
  `migration` varchar(255) COLLATE utf8mb4_unicode_ci NOT NULL,
  `batch` int(11) NOT NULL
) ENGINE=InnoDB DEFAULT CHARSET=utf8mb4 COLLATE=utf8mb4_unicode_ci;

--
-- Đang đổ dữ liệu cho bảng `migrations`
--

INSERT INTO `migrations` (`id`, `migration`, `batch`) VALUES
(1, '2014_10_12_000000_create_users_table', 1),
(2, '2014_10_12_100000_create_password_reset_tokens_table', 1),
(3, '2019_08_19_000000_create_failed_jobs_table', 1),
(4, '2019_12_14_000001_create_personal_access_tokens_table', 1),
(5, '2023_07_18_010726_tao_table_dien_thoai', 1),
(6, '2023_07_18_012409_create_thanhvien_table', 2),
(7, '2023_07_18_012844_tao_table_loaisp', 3),
(8, '2023_07_19_180324_sua_table_dien_thoai', 4),
(9, '2023_07_25_011252_chinh_bang_tin', 5);

-- --------------------------------------------------------

--
-- Cấu trúc bảng cho bảng `password_reset_tokens`
--

CREATE TABLE `password_reset_tokens` (
  `email` varchar(255) COLLATE utf8mb4_unicode_ci NOT NULL,
  `token` varchar(255) COLLATE utf8mb4_unicode_ci NOT NULL,
  `created_at` timestamp NULL DEFAULT NULL
) ENGINE=InnoDB DEFAULT CHARSET=utf8mb4 COLLATE=utf8mb4_unicode_ci;

-- --------------------------------------------------------

--
-- Cấu trúc bảng cho bảng `personal_access_tokens`
--

CREATE TABLE `personal_access_tokens` (
  `id` bigint(20) UNSIGNED NOT NULL,
  `tokenable_type` varchar(255) COLLATE utf8mb4_unicode_ci NOT NULL,
  `tokenable_id` bigint(20) UNSIGNED NOT NULL,
  `name` varchar(255) COLLATE utf8mb4_unicode_ci NOT NULL,
  `token` varchar(64) COLLATE utf8mb4_unicode_ci NOT NULL,
  `abilities` text COLLATE utf8mb4_unicode_ci DEFAULT NULL,
  `last_used_at` timestamp NULL DEFAULT NULL,
  `expires_at` timestamp NULL DEFAULT NULL,
  `created_at` timestamp NULL DEFAULT NULL,
  `updated_at` timestamp NULL DEFAULT NULL
) ENGINE=InnoDB DEFAULT CHARSET=utf8mb4 COLLATE=utf8mb4_unicode_ci;

-- --------------------------------------------------------

--
-- Cấu trúc bảng cho bảng `thanhvien`
--

CREATE TABLE `thanhvien` (
  `id` int(10) UNSIGNED NOT NULL,
  `hoTen` varchar(100) COLLATE utf8mb4_unicode_ci NOT NULL,
  `password` varchar(100) COLLATE utf8mb4_unicode_ci NOT NULL,
  `email` varchar(200) COLLATE utf8mb4_unicode_ci NOT NULL,
  `randomKey` varchar(100) COLLATE utf8mb4_unicode_ci DEFAULT NULL,
  `active` tinyint(1) NOT NULL DEFAULT 0,
  `idGroup` tinyint(1) NOT NULL DEFAULT 0,
  `created_at` timestamp NULL DEFAULT NULL,
  `updated_at` timestamp NULL DEFAULT NULL
) ENGINE=InnoDB DEFAULT CHARSET=utf8mb4 COLLATE=utf8mb4_unicode_ci;

--
-- Đang đổ dữ liệu cho bảng `thanhvien`
--

INSERT INTO `thanhvien` (`id`, `hoTen`, `password`, `email`, `randomKey`, `active`, `idGroup`, `created_at`, `updated_at`) VALUES
(1, 'Nguyễn KimHoà', '$2y$10$P4AHgZnlGRYrzgsHFI2/6.NpjekZW.ylvD2bbS8qsFtId97OBtmxK', 'FypHo@gmail.com', NULL, 0, 0, NULL, NULL),
(2, 'Đỗ KimThanh', '$2y$10$U3zDKcpHDyLGimGvGtogWev8R7Ckzvfyo8aAQ.4Wi189hdXS4u9kC', 'asd4a@gmail.com', NULL, 0, 0, NULL, NULL),
(3, 'Hồ ThịPhương', '$2y$10$DcIZmhQIy7fJeeG2sHOtPuIsn0XkIaLFLaEMMtHPb.VPKM/k.9CCu', '4b4pL@gmail.com', NULL, 0, 0, NULL, NULL),
(4, 'Đỗ HoàngThanh', '$2y$10$h.4fORcFv09PMptA4C.POOFjpNnp7BcyFetF.z1BoIb5hdCoVT4hW', 'ebc1O@gmail.com', NULL, 0, 0, NULL, NULL),
(5, 'Phan ĐứcThanh', '$2y$10$.eofntkufELH0AChIh86QuXu7gE2OOfHDwMmOBI8IrzR8r8FL04/a', 'tuihU@gmail.com', NULL, 0, 0, NULL, NULL),
(6, 'Nguyễn NgọcHoà', '$2y$10$cx5yLz7vIPeYvCgx68Q.zeo1L24shAxGvxDTcHv8m.eodKhf3OD9m', 'syqxD@gmail.com', NULL, 0, 0, NULL, NULL),
(7, 'Bùi MinhHậu', '$2y$10$oXX2BafbVdmB24J5d7j.au.wZGLM5Nu4TcRZF5A2ZiXhDGG7GoJFq', 'okzUn@gmail.com', NULL, 0, 0, NULL, NULL),
(8, 'Nguyễn NgọcTâm', '$2y$10$AZ8k0qgaP977S1wT/tzAbuQitTC0swaINfGLlkcSNjrq9ooU1oSHa', 'alDcE@gmail.com', NULL, 0, 0, NULL, NULL),
(9, 'Võ VănHậu', '$2y$10$ont.27xMkAVB8EgQl9oLV.1IteaLqb3D3sNenPncYS7OPCoId1Myi', 'KZPky@gmail.com', NULL, 0, 0, NULL, NULL),
(10, 'Phan KimHảo', '$2y$10$95QRKPDYdULoAoHONC3zkuvP8NUAzrqNay0G7NkKGaAIRH.1S4y2S', 'bsayJ@gmail.com', NULL, 0, 0, NULL, NULL),
(11, 'Bùi NgọcTâm', '$2y$10$FHq49npZSuChvBSDjyl5COOcFlXWG8xj0sIDOlYaB7pshnfZmlEwW', 'D0y0O@gmail.com', NULL, 0, 0, NULL, NULL),
(12, 'Bùi HoàngPhương', '$2y$10$SGg18MeHRqOOV/79LyzeiOdggg9va0QtwLNUZOc7q4fHswE5uuzQy', 'NDb1F@gmail.com', NULL, 0, 0, NULL, NULL),
(13, 'Hồ MinhThanh', '$2y$10$g2yTPfeJbLZKDJ1yOo759OmfhlbWeccyqvlrWVn4TcSLMsjYcTEUm', 'jBVgH@gmail.com', NULL, 0, 0, NULL, NULL),
(14, 'Võ ThịHoà', '$2y$10$fnlsX/IsVGZZmlTFfMYF3eYWUsMv4z24YAXdkH4IwBH4taQ9t/5Va', 'bjNsE@gmail.com', NULL, 0, 0, NULL, NULL),
(15, 'Hồ NgọcHoà', '$2y$10$aKvBpi8VWY.JZByaeWwSBeIpZvedjjtwTVX0OBmANU7c8ZY1AH6a.', '06urb@gmail.com', NULL, 0, 0, NULL, NULL),
(16, 'Nguyễn Hải', '$2y$10$HFK0zU0c6Hb8EZqgYgZRyOvO9jHJAeOI4LnQF8tVYC1BVIL/o3/HS', '9WgGU@gmail.com', NULL, 0, 0, NULL, NULL),
(17, 'Võ VănTâm', '$2y$10$vxEajMKY3whxHe6avaH/8emBZa8qnY55IUyZkDNcJfn80atCV5FzS', 'm2M24@gmail.com', NULL, 0, 0, NULL, NULL),
(18, 'Đỗ NgọcHoà', '$2y$10$pn9HiM7Y1USwCjUIzvhhyuO/raAOGA2DBEt.iOd.pa7kJDiGcdNRW', 'RX0DN@gmail.com', NULL, 0, 0, NULL, NULL),
(19, 'Nguyễn NgọcThanh', '$2y$10$fKFiDXep2CZEXs34LiUWMOiRbcwKhQvB8/kUWHQxwt3mJp/.9mVTe', 'SWpMy@gmail.com', NULL, 0, 0, NULL, NULL),
(20, 'Hồ Thanh', '$2y$10$RmUBsYzu/OPsXU60NS1.LOVMQUSUr8zdDmp6EUcXNg.mzoIanZgIa', 'uF723@gmail.com', NULL, 0, 0, NULL, NULL),
(21, 'Phan ĐứcPhương', '$2y$10$ngcD2aJOYCOrV/Ply4O3sugKoRaTCxwC6hZeb/LWljOluPuyXoOHO', 'dSXsf@gmail.com', NULL, 0, 0, NULL, NULL),
(22, 'Lê VănThảo', '$2y$10$Z3vsoC1Y9/RPtrXpX.ttDOYyIWzr3yH0.M1pjIpGqV7Sh27EiqJxK', 'GlEBM@gmail.com', NULL, 0, 0, NULL, NULL),
(23, 'Nguyễn MinhHải', '$2y$10$CbZ.09MlHatbN5BZ5d0OA.NbxsCNO4IlHgiQKLki1d.T/47T5lUsm', 'ssbBD@gmail.com', NULL, 0, 0, NULL, NULL),
(24, 'Đỗ ThịTâm', '$2y$10$Uqa3KaDpiR2SgFuYfCHWQuQP8aYoykNrNTEibpsO2hLrRyqgOY9oS', '6wJ5R@gmail.com', NULL, 0, 0, NULL, NULL),
(25, 'Đỗ MinhTâm', '$2y$10$Ni52KXgck1QBq/oMf85GOeqK41/0FimPJmI608Mx74tPCjHMzIbPi', 'w7sTy@gmail.com', NULL, 0, 0, NULL, NULL),
(26, 'Đỗ Phương', '$2y$10$x0Ag78htFd6/erfiehS3YuifH/OPNleThgyODr.mwTEg9P/bYYMi2', 'AU39m@gmail.com', NULL, 0, 0, NULL, NULL),
(27, 'Hồ KimThanh', '$2y$10$rtbuo8YqtD4QovjTjyb5j..Zou13c2pw96T/VFVMwpo124EjM9X5m', 'j41bE@gmail.com', NULL, 0, 0, NULL, NULL),
(28, 'Võ ĐứcHảo', '$2y$10$v4qxyVkCI5FRzmE8nNeT1u2XzPtQtEED0Tsb8/d.BVjefnTFzQ30O', '0TGsR@gmail.com', NULL, 0, 0, NULL, NULL),
(29, 'Hồ HoàngThảo', '$2y$10$Myof5heQlRJAfTAX9/nxCOg5w8qLbrpQYHN25IAeq/5TXZbq1xG86', 'u5cS9@gmail.com', NULL, 0, 0, NULL, NULL),
(30, 'Đỗ ThịThảo', '$2y$10$R4SQ2GhilD95lTnV/01qLuByY2nqXFJb19aQ55u9QpnT0AFO6MNEi', 'JIxlf@gmail.com', NULL, 0, 0, NULL, NULL),
(31, 'Bùi NgọcHải', '$2y$10$uzmSma3x/0bi/dibo.dJae4pkzoWkW08auBI3htkvsFb6roh2C.S.', 'JEhEf@gmail.com', NULL, 0, 0, NULL, NULL),
(32, 'Lê ĐứcPhương', '$2y$10$Z8FGiHr638KdO1yMlNiVoOjsLKCId4dtBPQbDP1pWYaqXRq5fcN5u', 'MlLHJ@gmail.com', NULL, 0, 0, NULL, NULL),
(33, 'Võ HoàngTâm', '$2y$10$yryv3llOC5x/g1bHf0W31uOiD4RqFn1Cwr.i3.mG1dgfBSuTP9Yii', '7pYUq@gmail.com', NULL, 0, 0, NULL, NULL),
(34, 'Lê Hoà', '$2y$10$DXcILNxT8q3s5eznNpMgOu7IPZijjyntYE6jeQsQ2/q/7mdiC4g/e', 'APr40@gmail.com', NULL, 0, 0, NULL, NULL),
(35, 'Đỗ HoàngHậu', '$2y$10$2JPEcY3ZuBQzDJ8yIfbuzO0HlTOSSoni2xvV1IuchMs0JCXZdqSnO', 'SbF7p@gmail.com', NULL, 0, 0, NULL, NULL),
(36, 'Lê ĐứcHậu', '$2y$10$LXCREs0Zs/X.biPfh.VtEe14Nx5LLSGUI/B74C451LGocjd5k5ZTm', 'wcqwP@gmail.com', NULL, 0, 0, NULL, NULL),
(37, 'Hồ VănThảo', '$2y$10$NdCZFvBwmkRksxPsiBklh.Vz8IoKKSArpQLeEszlEzCCPbAG0zii6', 'PPURP@gmail.com', NULL, 0, 0, NULL, NULL),
(38, 'Phan HoàngThanh', '$2y$10$FHEFq2UGm8dCJ/Fbkjr9H.YxXaGZ9jV6mA21L2PHTvOVzFrx1UOVG', 'kMWw3@gmail.com', NULL, 0, 0, NULL, NULL),
(39, 'Phan MinhHoà', '$2y$10$p0Pr26PrdSzZuL171i2P0.PPyInc.h2dzpGt54zueYEIDE5O8w7Ky', 'fX1tV@gmail.com', NULL, 0, 0, NULL, NULL),
(40, 'Hồ ThịHảo', '$2y$10$7I6fb//4BMwemt7Wbu/LOOg/AXyGfUnDCHGzWaHRUNGeBZkokq2Ke', '432na@gmail.com', NULL, 0, 0, NULL, NULL),
(41, 'Đỗ Hoà', '$2y$10$Ssx4NHAy4tFp4/6jr6G14ef09220u/RL2xUKCQhAVYzXo8Bj9m/lO', '4vj8A@gmail.com', NULL, 0, 0, NULL, NULL),
(42, 'Phan VănTâm', '$2y$10$IpZ0UA27N5pJzwEqkUoYnurtZMigjgmkSLtioqu1iobCimqXhdkIK', 'VfCO5@gmail.com', NULL, 0, 0, NULL, NULL),
(43, 'Bùi Hảo', '$2y$10$YfnLAzxkhrIMtuINPntjH.L1.9jrbHQeEw.51.aT9r9sut3cCy4dq', '6FAsn@gmail.com', NULL, 0, 0, NULL, NULL),
(44, 'Võ HoàngPhương', '$2y$10$7laHsoIWgR3C9/5Bu.VrYuf73tgp0tyvMDKaWjzJe2kZJ1meMMpdS', 'JFkdr@gmail.com', NULL, 0, 0, NULL, NULL),
(45, 'Đỗ ThịThảo', '$2y$10$UpMydXy.ItaMoHvbgsqjd.0vX.F.aSg5YIFg58xmHiheW.0OvIVRG', '3Jy84@gmail.com', NULL, 0, 0, NULL, NULL),
(46, 'Lê MinhTâm', '$2y$10$Imo8mh6ICgIVMJ2TZCz1mOunjQhZW.litUuvCVHCNbrHdciwhBiPG', 'dCY0F@gmail.com', NULL, 0, 0, NULL, NULL),
(47, 'Đỗ HoàngHậu', '$2y$10$0F0N/Yjpv1iUc46W23J2n.aIoXvk.4wH.YAEtv0UFOfTcIKd16sKG', '4F93D@gmail.com', NULL, 0, 0, NULL, NULL),
(48, 'Lê ThịTâm', '$2y$10$moqiu5zzFLgEjV4lqAJ1OuQwkKf/rX2e.06etuBRmcfjIBfFzmQsa', 'OMaeE@gmail.com', NULL, 0, 0, NULL, NULL),
(49, 'Bùi HoàngHoà', '$2y$10$ahOaC6TPlnRhjwaIhE7Nm.vg4iZTI/ynOV70EIRhoiQUWw7nY4i1m', '8Y2G3@gmail.com', NULL, 0, 0, NULL, NULL),
(50, 'Hồ KimThảo', '$2y$10$..kg5H.Fi0OjtYrbvSTDxe8q1iiLrZqWAAnBbGs3VpNDXIPrqkZfS', 'o9PY0@gmail.com', NULL, 0, 0, NULL, NULL),
(51, 'Nguyễn KimHảo', '$2y$10$olCYI6xi4gwNIegOKhsGTeP8oPw7YjoBiOjG3B3vVe16ZhXhDNhwa', 'afNu2@gmail.com', NULL, 0, 0, NULL, NULL),
(52, 'Đỗ NgọcPhương', '$2y$10$jBj34Ony7/00v8RCrf.TOOV2XQhnKzWFDuD5MSTj.TOquHon48b.m', 'dYOEA@gmail.com', NULL, 0, 0, NULL, NULL),
(53, 'Võ MinhHoà', '$2y$10$5Md8syPW2kZRTH9mtwln1uNHtgADeb7wVGOifS1zr/3bxbUxLi0WK', 'GnTjD@gmail.com', NULL, 0, 0, NULL, NULL),
(54, 'Bùi HoàngHậu', '$2y$10$ab9261IZWB1KrrFtLH8CxuxpAVB5MwyGtY.s8KYbJ3q/EeYq0xMEm', '3CPp4@gmail.com', NULL, 0, 0, NULL, NULL),
(55, 'Võ HoàngTú', '$2y$10$.0E4tnF86grAkb4JBp3r7uN4H7vAr/jHHqFyAVoch0UWjIeHVfADm', 'qrFhV@gmail.com', NULL, 0, 0, NULL, NULL),
(56, 'Võ NgọcPhương', '$2y$10$gSEONaJWVJhIaNr.moEPEuTJ2nXSJdb1GaLz0eWNsTBnGdf3Qb.p2', 'I7cXv@gmail.com', NULL, 0, 0, NULL, NULL),
(57, 'Võ NgọcPhương', '$2y$10$WZBD.xSe7ogZRzOldNSIeO7tl9qDVar7fWrd/CtX7MJisQW1cabBG', 'kKOjk@gmail.com', NULL, 0, 0, NULL, NULL),
(58, 'Bùi NgọcTú', '$2y$10$SvGdhOnJCUp4O.k5nuAcN.QU3nrPXUbnrd6dOJYYJ6bMv319h1f/6', 'b2adI@gmail.com', NULL, 0, 0, NULL, NULL),
(59, 'Bùi MinhHảo', '$2y$10$rzAOvLVBnUHjLFsGu80peOv7huK/7ey7bskY.MmiO2uUKbnUzadae', 'jFunc@gmail.com', NULL, 0, 0, NULL, NULL),
(60, 'Đỗ HoàngHoà', '$2y$10$uKTSaqULpIGErazOQVjxe.TkLTb2Ioz7DcByh3wtUjH6FHwsNaohC', '4A5qa@gmail.com', NULL, 0, 0, NULL, NULL),
(61, 'Hồ ĐứcTú', '$2y$10$3ZsYwxHWU9EHFReO3VSpPOR7t9nhm2/bVEcPwqmD5U3VHxV7s7ZyC', '1Uwwp@gmail.com', NULL, 0, 0, NULL, NULL),
(62, 'Hồ NgọcHải', '$2y$10$7QGGtVUpvflrsW/SxIMG7OetPXyIWqic5x6DUAlPcFKVIfQGlLNHi', 'cDBXS@gmail.com', NULL, 0, 0, NULL, NULL),
(63, 'Đỗ Tú', '$2y$10$e0F6HlZo90P21fLdfXr/OuTzd.i2rgFPQYY8PRv945pIEdqYI31Du', 'vr26K@gmail.com', NULL, 0, 0, NULL, NULL),
(64, 'Lê MinhTâm', '$2y$10$rrc3iRd8aoSezH3gJFmDluu/BlBmBor/5xMUQSB9LvipYvrtwGkjq', 'MGrJd@gmail.com', NULL, 0, 0, NULL, NULL),
(65, 'Võ ĐứcThanh', '$2y$10$Pn1y5rZCAi7Ef2mXVOt.e.gmCeML022Y1XnxPVMDH./SsCM7nII6O', 'mkXnz@gmail.com', NULL, 0, 0, NULL, NULL),
(66, 'Nguyễn ThịTú', '$2y$10$bEMJ1U.t9VOhYF758xHx9./gTbby8DKY0DeM9SNYGZnUWtpFEfjeC', 'tlfVY@gmail.com', NULL, 0, 0, NULL, NULL),
(67, 'Lê Hoà', '$2y$10$0g9jgUF/9xVNJQMRHnHlY.MBgMsbQi7SH9enmCAyhOc/FGDi5eRUW', 'I4Wgs@gmail.com', NULL, 0, 0, NULL, NULL),
(68, 'Nguyễn KimTú', '$2y$10$d3wOjsn/tzOM28RjxPUkPO.H.YJC00KR/L/TYLR1mA2S2j3EDvpB2', 'llRI6@gmail.com', NULL, 0, 0, NULL, NULL),
(69, 'Phan HoàngHảo', '$2y$10$GVlbTJnB4eL9jdOemM4GL.el8HcOwuXp5k/iCzLg8uL.Wvt8MW78C', 'N4IXN@gmail.com', NULL, 0, 0, NULL, NULL),
(70, 'Phan NgọcThanh', '$2y$10$pNwju8.PFbUpIdvjX9xhJubMy1R9kyfVs0ydvE7.PvwdftCEkuVH6', 'QQCHN@gmail.com', NULL, 0, 0, NULL, NULL),
(71, 'Lê NgọcHoà', '$2y$10$8X/merOfQEHphtmsO6YMGOtw8bzNDevCJtGJYJAVwtAFU3HWw5M8i', 'gAr7n@gmail.com', NULL, 0, 0, NULL, NULL),
(72, 'Lê NgọcTú', '$2y$10$6v8SsGGf5uQTwGwAZu/DOeZfXMGj632H7N3MWYD.f6YaSrdjeKOiW', 'ydNH4@gmail.com', NULL, 0, 0, NULL, NULL),
(73, 'Hồ MinhThanh', '$2y$10$LHcJxrhgaXThXR3ADeJPPOXIM6C2VbZ8Ejs.WE0Rwl5L3xE67eIwC', 'b3v9t@gmail.com', NULL, 0, 0, NULL, NULL),
(74, 'Bùi NgọcHậu', '$2y$10$cPg0ZOg/XukVDSYhlw1jq.nASAUBsnJKrV3FYbtAAdwJyN0D4ZAzu', '2T4xs@gmail.com', NULL, 0, 0, NULL, NULL),
(75, 'Nguyễn ThịHoà', '$2y$10$skIPAKoJKVzglI0JuQVqsOnFCtfK6GwpHMqvGfP9WOUi/0pQpuos.', 'Dp6cn@gmail.com', NULL, 0, 0, NULL, NULL),
(76, 'Võ KimThanh', '$2y$10$kBQzHFy5bMD2LSiXeoufl.rXCUPZ9SH2e1VAXtKucBgqfLOWaRAXy', 'lKKQj@gmail.com', NULL, 0, 0, NULL, NULL),
(77, 'Đỗ ThịHoà', '$2y$10$Nwtdd4Xm1EKJp96py7iixeWgmbVIznTLV.fqVwqdhs47AuuslLZVm', 'LhvLL@gmail.com', NULL, 0, 0, NULL, NULL),
(78, 'Bùi HoàngHậu', '$2y$10$7I/t0gfAaM7/jM5FMISHJ.BhdKvW8lYzMmicNMuuASEVMFE42.tm.', '9iZ0Q@gmail.com', NULL, 0, 0, NULL, NULL),
(79, 'Phan VănThảo', '$2y$10$48AqUcxSqz7ECX0cwfAez.r.AV/5t1r.GuoG7lQjUKGPXAXKvOm2K', 'bDgTj@gmail.com', NULL, 0, 0, NULL, NULL),
(80, 'Phan NgọcThảo', '$2y$10$zg4ZU6GN1RqI2nvh0LqpKOdik47FnOE7VCue6EPXjjsstskwSHwDG', '3CcGt@gmail.com', NULL, 0, 0, NULL, NULL),
(81, 'Nguyễn HoàngHảo', '$2y$10$v8EUzPki7cw5SibD80VQhuckyMMwngwjGrnAkAsWHIhXoKZXtOrxq', 'pWHlm@gmail.com', NULL, 0, 0, NULL, NULL),
(82, 'Hồ Tâm', '$2y$10$bNvQzqXaG1SHqe1IpkNfZOzQQ8us6lsRdq1f6RyeOzcgdis1MV6pC', 'CWeuF@gmail.com', NULL, 0, 0, NULL, NULL),
(83, 'Bùi HoàngThảo', '$2y$10$xaDgi7m4iisbE6pgJ9O1O.OAe2Lug8Djiegy8WIOuZ1PVl7/on41K', '0cAPO@gmail.com', NULL, 0, 0, NULL, NULL),
(84, 'Bùi Hoà', '$2y$10$lcsCto5CTYXX0sVKwHtPe.MnscLBofwGYJTB7WRhiZY5VFJZI8UN.', 'IOgLh@gmail.com', NULL, 0, 0, NULL, NULL),
(85, 'Hồ ĐứcTâm', '$2y$10$HiU06shQ3Sj0rkZ.WbXtUOdVcl8kVrlYWkqua/xD3HEx/YvCv3oYm', 'Z2sEI@gmail.com', NULL, 0, 0, NULL, NULL),
(86, 'Nguyễn ThịTâm', '$2y$10$HGlPIS2l.7T0qlwxJvVWD.RZfFspTTn8tG81878g0PrbbIb2h2yjC', 'en64M@gmail.com', NULL, 0, 0, NULL, NULL),
(87, 'Lê Hảo', '$2y$10$2hmpv1TfHxEf6regeqQFqOCCgSCrjLR.vJUJEmbvVHbVDpyVcPTrG', '1hBwb@gmail.com', NULL, 0, 0, NULL, NULL),
(88, 'Lê VănThanh', '$2y$10$CXJpsvrI5wSk6C1AFw27YenmumXBLGjF8/apcDxsse2UA9V/7Ta76', 'CnoEt@gmail.com', NULL, 0, 0, NULL, NULL),
(89, 'Phan MinhHải', '$2y$10$YQMmvVG0B686Iobfhr.gge.bDMj1.EHDiFyK4ghwLL1bfa8/.C4Z.', '03JIz@gmail.com', NULL, 0, 0, NULL, NULL),
(90, 'Phan KimTú', '$2y$10$ciXqUh/eVJs9AeERKgsGdufvD5IjmxtdQK/OFOikT5UHKC4h1BZHm', 'ysqrx@gmail.com', NULL, 0, 0, NULL, NULL),
(91, 'Võ ĐứcThanh', '$2y$10$731.03ZOVY3PdoSPjj34leL4dd6R0RDfMMm0vr2Mx8LMm1f6STa/W', 'sHkDR@gmail.com', NULL, 0, 0, NULL, NULL),
(92, 'Phan Tâm', '$2y$10$0h7.L8rqBYauIWgOz.U3nOJVnblTm/./II5l6kM0iJEysjJXVoftW', 'B7J4K@gmail.com', NULL, 0, 0, NULL, NULL),
(93, 'Đỗ HoàngTâm', '$2y$10$1A4c92AvAmrwkEmkm4jh/u1.Vmn39goFFQVInM0osZBztg.7VGjfC', 'HQtLS@gmail.com', NULL, 0, 0, NULL, NULL),
(94, 'Đỗ HoàngHoà', '$2y$10$snV4NWZyqdVccPRTmiWA6eeD/hn1SXZdJdM02eFBrQg5bdtHlkzPC', 'R7bCO@gmail.com', NULL, 0, 0, NULL, NULL),
(95, 'Nguyễn HoàngHải', '$2y$10$JHsi41B5mLxgouVehnX3X.uQYtEQRC5xv29l7KsuXLDeCtKcj4uYm', 'hhQKM@gmail.com', NULL, 0, 0, NULL, NULL),
(96, 'Hồ ĐứcThanh', '$2y$10$3NG1fR2uJj5K4wbNSTE7BeCnZTjmZK7EJnK6EcjU3RtlV/aHhHkwG', 'tkOnF@gmail.com', NULL, 0, 0, NULL, NULL),
(97, 'Đỗ VănThảo', '$2y$10$zpM1fwTv.R2.Ax84WiC1iuRUARm6LD.AtB7yvKwwDhuJablCIk.by', 'iyBYI@gmail.com', NULL, 0, 0, NULL, NULL),
(98, 'Lê HoàngHảo', '$2y$10$IpqD1VZtHT4pxQWHOCuv0eTmebjgo7PomPQsM5vzUjYvpRLjdPmwK', 'O0gh7@gmail.com', NULL, 0, 0, NULL, NULL),
(99, 'Lê NgọcTú', '$2y$10$VaI4RGQhGMKDgY9PVh3Fne5hBeBieVrpyjXeC9OCkE4Un0IEqlFOa', 'lraV5@gmail.com', NULL, 0, 0, NULL, NULL),
(100, 'Võ ĐứcThảo', '$2y$10$nT/UWkP0LUY8Vw5Wak6mrO1hASaEbBB2T9ksaQHdUdHD6DlJ7c4Jq', 'SK7fz@gmail.com', NULL, 0, 0, NULL, NULL);

-- --------------------------------------------------------

--
-- Cấu trúc bảng cho bảng `tin`
--

CREATE TABLE `tin` (
  `id` varchar(10) NOT NULL,
  `tieuDe` varchar(255) NOT NULL,
  `tomTat` text NOT NULL,
  `urlHinh` text NOT NULL,
  `ngayDang` date NOT NULL,
  `noiDung` text DEFAULT NULL,
  `idLT` varchar(10) NOT NULL,
  `xem` int(11) DEFAULT 0,
  `noiBat` tinyint(1) DEFAULT 0,
  `anHien` tinyint(1) DEFAULT 1,
  `tags` varchar(2000) DEFAULT NULL,
  `created_at` timestamp NULL DEFAULT NULL,
  `updated_at` timestamp NULL DEFAULT NULL
) ENGINE=InnoDB DEFAULT CHARSET=utf8mb4;

--
-- Đang đổ dữ liệu cho bảng `tin`
--

INSERT INTO `tin` (`id`, `tieuDe`, `tomTat`, `urlHinh`, `ngayDang`, `noiDung`, `idLT`, `xem`, `noiBat`, `anHien`, `tags`, `created_at`, `updated_at`) VALUES
('t1', 'Chính sách nổi bật có hiệu lực', 'Tăng lương cơ sở, lương hưu, giảm thuế VAT và bắt đầu thí điểm đấu giá biển số xe là những chính sách', '', '2023-07-01', 'Chín nhóm được tăng lương cơ sở\r\n\r\nNghị định 24/2023, hiệu lực từ ngày 1/7, quy định chín nhóm được tăng lương. Nhóm đầu tiên là cán bộ, công chức từ trung ương đến cấp huyện. Nhóm hai là cán bộ, công chức cấp xã. Nhóm ba là viên chức trong đơn vị sự nghiệp công lập. Nhóm bốn là người làm các công việc theo chế độ hợp đồng lao động trong cơ quan hành chính và đơn vị sự nghiệp công lập thuộc diện được áp dụng hoặc có thỏa thuận trong hợp đồng.\r\n\r\nNhóm năm là người làm việc trong chỉ tiêu biên chế tại các hội được ngân sách nhà nước hỗ trợ kinh phí hoạt động. Nhóm sáu là sĩ quan, quân nhân chuyên nghiệp, hạ sĩ quan, binh sĩ, công nhân, viên chức quốc phòng và hợp đồng lao động thuộc quân đội nhân dân Việt Nam. Nhóm bảy là sĩ quan, hạ sĩ quan hưởng lương, hạ sĩ quan, chiến sĩ nghĩa vụ, công nhân công an và lao động hợp đồng thuộc công an nhân dân.', 'loai1', 3, 0, 1, '', NULL, NULL),
('t2', 'Sạt lở ở Đà Lạt', 'Mưa lớn nhiều ngày, khối lượng đất đắp sau tường chắn lớn, gây mất khả năng chịu lực dẫn đến sạt lở ', '', '2023-07-01', 'Theo đó, hạng mục taluy bị sạt lở đã xây xong cách đây khoảng một năm theo giấy phép do UBND TP Đà Lạt cấp. Tổng chiều dài taluy trong hồ sơ là 381 m, cao taluy 13,4 m (giựt thành ba cấp từ 4-4,7 m).\r\n\r\nKhu đất bị sạt lở rộng hơn 2.100 m2 do 4 hộ dân sở hữu. Khi xảy ra sự cố, chủ đầu tư đang cho đắp đất để tạo mặt bằng thi công. Đoạn taluy đổ sập nằm dọc theo ranh đất công trình dài khoảng 29 m. Phần taluy còn lại có một số vết nứt trên bề mặt đất đắp, nguy cơ tiếp tục bị sạt.', 'loai2', 7, 0, 1, '', NULL, NULL),
('t3', 'Tận cùng nỗi đau', 'Thanh háugeuwfgbeiuwbfirewf', '', '2023-07-17', 'Tên em là Thanh Trúc. Câu chuyện về em, về cô bé mồ côi cả cha lẫn mẹ, mang trong mình căn bệnh HIV/AIDS từ 4 tuổi đã tự mình ra suối tắm và giặt lấy quần áo... Tôi nghĩ đến thân phận của một cây trúc mảnh mai, đơn độc giữa đại ngàn trong giông bão.Tên em là Thanh Trúc. Câu chuyện về em, về cô bé mồ côi cả cha lẫn mẹ, mang trong mình căn bệnh HIV/AIDS từ 4 tuổi đã tự mình ra suối tắm và giặt lấy quần áo... Tôi nghĩ đến thân phận của một cây trúc mảnh mai, đơn độc giữa đại ngàn trong giông bão.', 'loai1', 2, 0, 1, '', NULL, '2023-07-24 19:54:39'),
('t4', 'Talk Show phỏng vấn thực tập', 'Talk Show phỏng vấn thực tập sinh viên Fpoly Đà Nẵng năm 2023', '', '2023-07-20', 'Talk Show phỏng vấn thực tậpTalk Show phỏng vấn thực tậpTalk Show phỏng vấn thực tậpTalk Show phỏng vấn thực tậpTalk Show phỏng vấn thực tậpTalk Show phỏng vấn thực tậpTalk Show phỏng vấn thực tập', 'loai3', 3, 0, 1, '', NULL, NULL);

-- --------------------------------------------------------

--
-- Cấu trúc bảng cho bảng `users`
--

CREATE TABLE `users` (
  `id` bigint(20) UNSIGNED NOT NULL,
  `name` varchar(255) COLLATE utf8mb4_unicode_ci NOT NULL,
  `email` varchar(255) COLLATE utf8mb4_unicode_ci NOT NULL,
  `email_verified_at` timestamp NULL DEFAULT NULL,
  `password` varchar(255) COLLATE utf8mb4_unicode_ci NOT NULL,
  `remember_token` varchar(100) COLLATE utf8mb4_unicode_ci DEFAULT NULL,
  `created_at` timestamp NULL DEFAULT NULL,
  `updated_at` timestamp NULL DEFAULT NULL
) ENGINE=InnoDB DEFAULT CHARSET=utf8mb4 COLLATE=utf8mb4_unicode_ci;

--
-- Chỉ mục cho các bảng đã đổ
--

--
-- Chỉ mục cho bảng `dienthoai`
--
ALTER TABLE `dienthoai`
  ADD PRIMARY KEY (`id`),
  ADD UNIQUE KEY `dienthoai_tendt_unique` (`tenDT`),
  ADD KEY `dienthoai_idloai_foreign` (`idLoai`);

--
-- Chỉ mục cho bảng `failed_jobs`
--
ALTER TABLE `failed_jobs`
  ADD PRIMARY KEY (`id`),
  ADD UNIQUE KEY `failed_jobs_uuid_unique` (`uuid`);

--
-- Chỉ mục cho bảng `loaisp`
--
ALTER TABLE `loaisp`
  ADD PRIMARY KEY (`id`),
  ADD UNIQUE KEY `loaisp_tenloai_unique` (`tenLoai`);

--
-- Chỉ mục cho bảng `loaitin`
--
ALTER TABLE `loaitin`
  ADD PRIMARY KEY (`idLT`);

--
-- Chỉ mục cho bảng `migrations`
--
ALTER TABLE `migrations`
  ADD PRIMARY KEY (`id`);

--
-- Chỉ mục cho bảng `password_reset_tokens`
--
ALTER TABLE `password_reset_tokens`
  ADD PRIMARY KEY (`email`);

--
-- Chỉ mục cho bảng `personal_access_tokens`
--
ALTER TABLE `personal_access_tokens`
  ADD PRIMARY KEY (`id`),
  ADD UNIQUE KEY `personal_access_tokens_token_unique` (`token`),
  ADD KEY `personal_access_tokens_tokenable_type_tokenable_id_index` (`tokenable_type`,`tokenable_id`);

--
-- Chỉ mục cho bảng `thanhvien`
--
ALTER TABLE `thanhvien`
  ADD PRIMARY KEY (`id`);

--
-- Chỉ mục cho bảng `tin`
--
ALTER TABLE `tin`
  ADD PRIMARY KEY (`id`),
  ADD KEY `loaiTin` (`idLT`);

--
-- Chỉ mục cho bảng `users`
--
ALTER TABLE `users`
  ADD PRIMARY KEY (`id`),
  ADD UNIQUE KEY `users_email_unique` (`email`);

--
-- AUTO_INCREMENT cho các bảng đã đổ
--

--
-- AUTO_INCREMENT cho bảng `dienthoai`
--
ALTER TABLE `dienthoai`
  MODIFY `id` bigint(20) UNSIGNED NOT NULL AUTO_INCREMENT, AUTO_INCREMENT=901;

--
-- AUTO_INCREMENT cho bảng `failed_jobs`
--
ALTER TABLE `failed_jobs`
  MODIFY `id` bigint(20) UNSIGNED NOT NULL AUTO_INCREMENT;

--
-- AUTO_INCREMENT cho bảng `loaisp`
--
ALTER TABLE `loaisp`
  MODIFY `id` bigint(20) UNSIGNED NOT NULL AUTO_INCREMENT, AUTO_INCREMENT=7;

--
-- AUTO_INCREMENT cho bảng `migrations`
--
ALTER TABLE `migrations`
  MODIFY `id` int(10) UNSIGNED NOT NULL AUTO_INCREMENT, AUTO_INCREMENT=10;

--
-- AUTO_INCREMENT cho bảng `personal_access_tokens`
--
ALTER TABLE `personal_access_tokens`
  MODIFY `id` bigint(20) UNSIGNED NOT NULL AUTO_INCREMENT;

--
-- AUTO_INCREMENT cho bảng `thanhvien`
--
ALTER TABLE `thanhvien`
  MODIFY `id` int(10) UNSIGNED NOT NULL AUTO_INCREMENT, AUTO_INCREMENT=101;

--
-- AUTO_INCREMENT cho bảng `users`
--
ALTER TABLE `users`
  MODIFY `id` bigint(20) UNSIGNED NOT NULL AUTO_INCREMENT;

--
-- Các ràng buộc cho các bảng đã đổ
--

--
-- Các ràng buộc cho bảng `dienthoai`
--
ALTER TABLE `dienthoai`
  ADD CONSTRAINT `dienthoai_idloai_foreign` FOREIGN KEY (`idLoai`) REFERENCES `loaisp` (`id`);

--
-- Các ràng buộc cho bảng `tin`
--
ALTER TABLE `tin`
  ADD CONSTRAINT `tin_ibfk_1` FOREIGN KEY (`idLT`) REFERENCES `loaitin` (`idLT`);
COMMIT;

/*!40101 SET CHARACTER_SET_CLIENT=@OLD_CHARACTER_SET_CLIENT */;
/*!40101 SET CHARACTER_SET_RESULTS=@OLD_CHARACTER_SET_RESULTS */;
/*!40101 SET COLLATION_CONNECTION=@OLD_COLLATION_CONNECTION */;
